2018.12.03,00:00,120.02,121.84,117.32,119.38,10944
2018.12.04,00:00,118.59,122.73,117.25,119.72,11789
2018.12.06,00:00,118.47,122.29,116.84,120.85,11131
2018.12.07,00:00,122.95,126.33,119.10,119.17,13094
2018.12.10,00:00,119.79,121.84,117.64,121.63,10519
2018.12.11,00:00,123.11,123.87,119.97,122.04,10886
2018.12.12,00:00,123.03,123.81,121.67,122.04,9033
2018.12.13,00:00,123.32,125.64,122.16,125.48,10559
2018.12.14,00:00,124.89,125.80,121.31,121.74,9985
2018.12.17,00:00,120.76,121.68,114.52,115.98,10586
2018.12.18,00:00,116.82,117.00,111.16,112.19,10514
2018.12.19,00:00,112.43,115.52,109.82,110.82,10509
2018.12.20,00:00,109.02,109.93,103.91,104.98,11938
2018.12.21,00:00,105.85,107.63,104.05,106.57,11543
2018.12.24,00:00,104.34,104.63,98.31,98.42,6681
2018.12.26,00:00,101.57,108.85,97.95,108.49,11128
2018.12.27,00:00,106.39,107.24,100.42,105.21,12727
2018.12.28,00:00,107.67,111.92,106.06,111.20,13125
2019.01.02,00:00,101.92,104.88,99.50,103.25,15301
2019.01.03,00:00,102.26,102.96,99.02,100.01,11153
2019.01.04,00:00,101.85,105.85,100.81,105.75,12926
2019.01.07,00:00,107.07,112.12,105.84,111.52,12023
2019.01.08,00:00,113.74,114.51,108.92,111.62,10695
2019.01.09,00:00,111.75,114.37,110.43,112.69,9900
2019.01.10,00:00,111.06,114.99,110.51,114.86,10345
2019.01.11,00:00,113.98,115.98,112.89,115.60,9622
2019.01.14,00:00,113.95,113.96,111.25,111.34,9445
2019.01.15,00:00,111.52,116.12,111.47,114.63,9807
2019.01.16,00:00,114.80,117.17,114.38,115.19,8388
2019.01.17,00:00,115.33,117.01,114.64,115.63,8267
2019.01.18,00:00,107.68,108.91,99.81,100.61,18383
2019.01.22,00:00,101.43,102.50,98.41,99.50,12409
2019.01.23,00:00,97.50,98.02,93.87,95.74,14980
2019.01.24,00:00,94.31,97.74,93.01,97.10,11960
2019.01.25,00:00,98.05,99.39,96.42,98.91,11840
2019.01.28,00:00,97.47,99.02,95.83,98.66,11117
2019.01.29,00:00,98.23,99.37,97.18,99.06,9956
2019.01.30,00:00,99.98,102.84,99.40,102.82,14339
2019.01.31,00:00,100.05,103.72,97.95,102.19,11969
2019.02.01,00:00,101.68,105.24,101.09,103.98,11668
2019.02.04,00:00,104.07,104.97,100.65,104.15,10724
2019.02.05,00:00,104.04,107.33,103.98,106.99,10720
2019.02.06,00:00,106.45,107.92,105.12,105.62,8587
2019.02.07,00:00,104.35,104.78,100.90,102.41,11602
2019.02.08,00:00,102.03,102.29,99.40,101.77,10311
2019.02.11,00:00,103.77,106.04,103.46,104.16,10960
2019.02.12,00:00,105.34,105.91,103.11,103.79,9849
2019.02.13,00:00,104.09,104.11,101.76,102.57,9218
2019.02.14,00:00,100.97,102.11,100.24,101.16,9066
2019.02.15,00:00,101.35,102.54,101.24,102.49,7566
2019.02.19,00:00,102.00,103.71,101.73,101.75,8130
2019.02.20,00:00,101.38,101.96,99.56,100.71,10366
2019.02.21,00:00,100.58,100.92,96.73,96.95,12365
2019.02.22,00:00,97.98,98.69,97.29,98.11,9611
2019.02.25,00:00,99.13,100.84,98.90,99.50,8587
2019.02.26,00:00,97.16,100.53,96.21,99.15,10540
2019.02.27,00:00,100.37,105.29,100.11,104.80,11389
2019.02.28,00:00,106.17,106.54,103.53,106.49,10353
2019.03.01,00:00,102.15,102.21,97.23,98.18,15885
2019.03.04,00:00,99.26,99.40,94.17,94.96,16138
2019.03.05,00:00,93.95,94.54,89.96,92.06,16212
2019.03.06,00:00,92.04,93.70,91.37,91.94,12389
2019.03.07,00:00,92.83,94.77,91.36,92.09,12527
2019.03.08,00:00,92.07,95.06,91.88,94.61,11685
2019.03.11,00:00,94.46,96.98,93.40,96.84,11500
2019.03.12,00:00,95.47,95.85,93.61,94.37,11616
2019.03.13,00:00,94.54,97.19,94.15,96.16,10308
2019.03.14,00:00,97.35,98.32,96.00,96.54,10111
2019.03.15,00:00,94.30,94.41,91.37,91.74,13302
2019.03.18,00:00,91.84,92.55,89.01,89.69,11755
2019.03.19,00:00,89.10,90.97,87.75,89.02,11805
2019.03.20,00:00,89.81,91.54,88.69,91.10,10416
2019.03.21,00:00,90.65,92.03,89.40,91.23,10231
2019.03.22,00:00,90.73,90.78,87.91,88.09,11305
2019.03.25,00:00,86.50,87.60,84.77,86.74,11033
2019.03.26,00:00,87.97,89.96,87.97,89.15,9390
2019.03.27,00:00,89.40,91.67,89.32,91.53,10627
2019.03.28,00:00,92.29,93.30,91.61,92.73,8727
2019.03.29,00:00,92.77,93.27,91.44,93.13,9031
2019.04.01,00:00,94.14,96.26,93.69,96.26,9883
2019.04.02,00:00,95.98,96.35,94.54,95.16,8495
2019.04.03,00:00,95.61,98.59,95.61,97.15,9991
2019.04.04,00:00,86.96,90.28,86.77,89.16,14690
2019.04.05,00:00,89.31,91.85,89.29,91.55,10041
2019.04.08,00:00,92.47,93.60,90.07,90.94,12039
2019.04.09,00:00,90.43,91.53,89.83,90.68,8788
2019.04.10,00:00,92.15,92.65,90.86,91.91,9305
2019.04.11,00:00,89.27,90.03,88.54,89.38,11099
2019.04.12,00:00,89.93,90.52,88.86,89.11,9408
2019.04.15,00:00,89.42,89.46,86.13,88.67,11458
2019.04.16,00:00,88.52,91.53,88.18,91.04,10350
2019.04.17,00:00,91.48,91.48,89.44,90.28,8755
2019.04.18,00:00,90.27,91.51,89.85,90.97,8330
2019.04.22,00:00,89.51,89.77,87.42,87.49,11741
2019.04.23,00:00,86.57,88.41,85.18,87.87,11498
2019.04.24,00:00,87.86,88.30,85.91,86.15,10378
2019.04.25,00:00,84.93,86.19,81.94,82.43,15531
2019.04.26,00:00,81.95,82.09,76.97,78.25,16576
2019.04.29,00:00,78.48,81.22,77.36,80.38,15240
2019.04.30,00:00,80.60,81.26,78.93,79.52,10673
2019.05.01,00:00,79.55,79.87,77.10,77.92,11893
2019.05.02,00:00,81.87,82.26,79.16,81.28,13046
2019.05.03,00:00,81.10,85.42,81.10,84.91,12426
2019.05.06,00:00,83.22,85.99,82.79,85.01,10177
2019.05.07,00:00,85.36,85.61,81.61,82.30,12150
2019.05.08,00:00,82.09,83.40,81.33,81.51,9970
2019.05.09,00:00,80.38,81.12,78.95,80.56,9640
2019.05.10,00:00,79.83,80.51,78.59,79.78,10609
2019.05.13,00:00,77.25,77.32,74.76,75.60,12808
2019.05.14,00:00,76.34,78.05,75.93,77.31,9599
2019.05.15,00:00,76.41,77.37,75.02,77.20,9722
2019.05.16,00:00,76.51,76.88,75.42,76.01,10191
2019.05.17,00:00,73.93,73.95,70.25,70.28,13683
2019.05.20,00:00,67.55,68.57,65.03,68.35,15262
2019.05.21,00:00,65.79,69.03,65.29,68.26,14454
2019.05.22,00:00,66.44,67.87,63.86,64.17,14846
2019.05.23,00:00,64.56,66.38,62.03,65.09,13140
2019.05.24,00:00,66.56,66.56,62.86,63.50,13075
2019.05.28,00:00,63.64,64.91,62.56,62.84,10677
2019.05.29,00:00,62.32,64.00,61.64,63.21,10861
2019.05.30,00:00,62.82,63.97,62.28,62.67,9868
2019.05.31,00:00,61.63,63.22,61.33,61.73,9890
2019.06.03,00:00,61.78,62.12,58.96,59.55,16334
2019.06.04,00:00,60.30,64.56,59.82,64.50,14469
2019.06.05,00:00,66.18,66.98,63.89,65.48,13934
2019.06.06,00:00,67.95,70.24,67.23,68.56,18765
2019.06.07,00:00,68.23,70.18,67.76,68.11,16969
2019.06.10,00:00,70.02,72.20,69.64,70.89,15689
2019.06.11,00:00,73.02,73.52,71.12,72.27,15663
2019.06.12,00:00,74.09,74.32,69.59,69.67,17968
2019.06.13,00:00,70.00,71.49,69.13,71.19,14654
2019.06.14,00:00,70.44,72.11,70.07,71.53,13093
2019.06.17,00:00,71.48,75.55,71.36,74.88,14665
2019.06.18,00:00,76.01,78.11,74.37,74.81,16599
2019.06.19,00:00,74.98,75.81,73.62,75.39,12342
2019.06.20,00:00,74.29,75.50,72.05,73.15,16123
2019.06.21,00:00,72.28,73.96,71.78,73.85,13621
2019.06.24,00:00,74.33,75.17,73.61,74.46,10149
2019.06.25,00:00,74.68,75.00,73.09,73.13,11945
2019.06.26,00:00,73.39,75.62,72.63,72.99,14451
2019.06.27,00:00,72.93,74.19,72.38,74.18,10933
2019.06.28,00:00,73.57,74.96,73.55,74.38,11849
2019.07.01,00:00,76.68,77.58,75.36,75.60,13547
2019.07.02,00:00,76.19,76.23,74.00,74.76,13680
2019.07.03,00:00,79.46,80.40,78.09,78.18,10329
2019.07.05,00:00,77.99,78.37,76.86,77.63,12914
2019.07.08,00:00,76.95,77.31,76.16,76.69,9540
2019.07.09,00:00,76.20,76.89,75.68,76.60,10133
2019.07.10,00:00,77.83,79.54,77.64,79.54,14036
2019.07.11,00:00,79.31,80.39,78.54,79.43,13310
2019.07.12,00:00,79.80,81.68,79.80,81.61,12547
2019.07.15,00:00,82.60,84.69,81.54,84.37,15995
2019.07.16,00:00,82.97,84.39,82.59,84.08,14256
2019.07.17,00:00,84.88,85.99,84.39,84.86,13434
2019.07.18,00:00,84.93,85.13,83.88,84.42,10729
2019.07.19,00:00,85.14,86.55,84.81,85.95,13876
2019.07.22,00:00,86.13,87.27,84.64,85.12,13858
2019.07.23,00:00,85.53,86.71,84.76,86.58,12496
2019.07.24,00:00,86.21,88.57,85.97,88.21,14275
2019.07.25,00:00,77.02,78.02,75.11,76.21,17061
2019.07.26,00:00,75.59,76.65,74.00,75.91,15038
2019.07.29,00:00,75.63,78.55,75.30,78.49,14277
2019.07.30,00:00,77.73,81.02,77.31,80.65,14731
2019.07.31,00:00,80.92,82.10,78.82,80.49,15671
2019.08.01,00:00,80.71,81.40,77.20,77.88,15928
2019.08.02,00:00,76.98,78.65,76.37,77.99,14136
2019.08.05,00:00,76.39,77.02,75.19,76.02,13807
2019.08.06,00:00,77.16,77.38,75.17,76.77,13404
2019.08.07,00:00,75.51,77.75,75.24,77.71,11568
2019.08.08,00:00,78.13,79.82,77.52,79.27,11274
2019.08.09,00:00,78.67,79.54,77.87,78.25,11429
2019.08.12,00:00,77.52,78.47,76.19,76.27,12425
2019.08.13,00:00,76.26,78.55,75.81,78.16,13211
2019.08.14,00:00,76.97,77.03,73.08,73.15,15627
2019.08.15,00:00,73.57,73.72,70.44,71.74,12538
2019.08.16,00:00,72.04,73.98,71.98,73.20,11444
2019.08.19,00:00,74.63,75.86,73.81,75.55,11003
2019.08.20,00:00,75.88,76.25,74.79,75.20,11062
2019.08.21,00:00,73.92,74.29,72.47,73.53,13890
2019.08.22,00:00,74.21,75.02,72.68,73.95,12565
2019.08.23,00:00,73.18,73.63,70.26,70.40,16309
2019.08.26,00:00,70.98,71.56,70.45,71.56,10607
2019.08.27,00:00,71.83,72.83,70.61,71.28,10893
2019.08.28,00:00,71.09,72.32,70.72,71.78,9979
2019.08.29,00:00,72.89,74.38,72.59,73.80,11444
2019.08.30,00:00,76.54,77.37,74.66,75.10,14062
2019.09.03,00:00,74.58,76.20,74.32,74.92,10094
2019.09.04,00:00,75.54,76.05,73.00,73.49,9782
2019.09.05,00:00,74.14,76.49,73.56,76.38,10364
2019.09.06,00:00,75.80,76.44,74.97,75.76,8371
2019.09.09,00:00,76.52,77.81,76.38,77.13,9935
2019.09.10,00:00,76.75,78.38,76.28,78.36,7369
2019.09.11,00:00,78.88,82.62,78.60,82.25,11196
2019.09.12,00:00,82.54,84.39,81.39,81.90,11049
2019.09.13,00:00,82.15,82.70,81.53,81.65,9303
2019.09.16,00:00,81.99,82.34,80.31,80.84,12015
2019.09.17,00:00,80.71,81.74,80.03,81.48,9797
2019.09.18,00:00,81.56,82.61,80.73,81.04,10410
2019.09.19,00:00,81.90,82.54,81.55,82.12,9975
2019.09.20,00:00,82.10,82.14,79.31,80.08,13022
2019.09.23,00:00,79.92,81.62,79.67,80.33,8507
2019.09.24,00:00,80.53,80.53,74.13,74.23,12967
2019.09.25,00:00,74.69,76.23,72.73,76.11,10808
2019.09.26,00:00,76.78,80.99,75.73,80.79,11202
2019.09.27,00:00,80.54,82.77,79.51,80.60,11981
2019.09.30,00:00,80.95,81.21,78.64,80.21,9214
2019.10.01,00:00,80.40,81.88,79.64,81.48,9159
2019.10.02,00:00,80.96,81.44,79.73,80.98,11298
2019.10.03,00:00,77.20,78.03,74.69,77.65,13250
2019.10.04,00:00,77.14,78.12,75.96,77.05,9499
2019.10.07,00:00,76.53,79.42,76.12,79.14,11826
2019.10.08,00:00,78.47,81.20,78.12,79.94,10640
2019.10.09,00:00,80.45,82.32,80.15,81.39,11508
2019.10.10,00:00,81.67,82.96,80.45,81.47,10757
2019.10.11,00:00,82.22,83.58,82.22,82.55,10509
2019.10.14,00:00,82.56,86.06,82.32,85.55,11419
2019.10.15,00:00,85.82,86.55,84.65,85.88,10409
2019.10.16,00:00,85.70,87.26,85.56,86.49,10437
2019.10.17,00:00,87.25,88.15,86.66,87.22,9670
2019.10.18,00:00,86.94,87.47,84.96,85.59,10930
2019.10.21,00:00,86.10,86.38,83.33,84.39,8923
2019.10.22,00:00,84.59,85.96,83.52,85.12,9230
2019.10.23,00:00,84.68,85.27,83.70,84.82,8169
2019.10.24,00:00,99.35,101.52,96.35,99.78,12314
2019.10.25,00:00,99.17,109.86,98.63,109.29,14632
2019.10.28,00:00,327.41,340.67,322.62,327.49,16215
2019.10.29,00:00,319.54,324.22,314.77,316.13,14416
2019.10.30,00:00,313.22,318.71,310.01,314.94,11396
2019.10.31,00:00,313.52,318.85,313.09,314.79,9401
2019.11.01,00:00,316.39,316.39,309.98,313.23,10666
2019.11.04,00:00,314.65,321.82,309.58,319.99,10870
2019.11.05,00:00,319.40,323.42,316.26,316.91,8437
2019.11.06,00:00,317.94,325.07,314.53,325.03,9542
2019.11.07,00:00,329.06,341.38,328.09,336.32,11793
2019.11.08,00:00,334.66,337.41,332.57,334.82,8751
2019.11.11,00:00,343.81,349.09,342.13,345.53,10202
2019.11.12,00:00,346.61,349.38,344.14,346.07,8788
2019.11.13,00:00,354.53,356.20,348.05,349.22,9586
2019.11.14,00:00,346.13,353.38,343.04,348.75,9916
2019.11.15,00:00,350.92,352.77,348.41,351.25,8695
2019.11.18,00:00,352.58,352.98,346.17,350.05,9367
2019.11.19,00:00,351.43,359.75,347.81,359.37,14250
2019.11.20,00:00,360.07,361.07,349.72,351.78,12605
2019.11.21,00:00,354.73,360.81,354.14,357.46,13154
2019.11.22,00:00,338.32,340.82,329.98,332.48,19044
2019.11.25,00:00,344.32,344.41,334.50,334.95,8911
2019.11.26,00:00,335.21,335.30,327.19,327.40,9767
2019.11.27,00:00,330.75,333.79,328.57,330.42,8388
2019.11.29,00:00,331.15,331.15,327.50,330.19,8196
2019.12.02,00:00,329.30,336.34,328.74,334.32,10653
2019.12.03,00:00,332.62,337.86,332.18,336.84,10182
2019.12.04,00:00,337.62,337.62,333.30,333.89,11632
2019.12.05,00:00,332.87,334.32,327.34,330.65,7898
2019.12.06,00:00,335.15,338.79,335.00,336.30,8954
2019.12.09,00:00,336.28,344.42,335.17,341.93,15346
2019.12.10,00:00,340.28,350.67,339.35,348.13,15722
2019.12.11,00:00,351.71,357.14,351.32,355.09,12991
2019.12.12,00:00,354.86,362.62,353.27,359.69,15222
2019.12.13,00:00,360.73,365.12,354.64,358.58,14291
2019.12.16,00:00,362.37,383.50,362.37,378.72,16588
2019.12.17,00:00,379.42,385.41,375.91,378.93,13833
2019.12.18,00:00,380.93,394.95,380.68,393.84,18551
2019.12.19,00:00,397.13,406.80,396.70,404.89,20748
2019.12.20,00:00,410.00,412.85,400.16,404.56,15337
2019.12.23,00:00,411.82,421.97,410.07,419.34,11998
2019.12.24,00:00,418.55,425.63,412.66,425.60,8681
2019.12.26,00:00,429.21,433.43,426.92,430.78,10180
2019.12.27,00:00,434.71,434.71,426.17,430.28,13366
2019.12.30,00:00,428.72,428.90,409.39,414.92,12064
2019.12.31,00:00,404.13,421.18,402.16,420.03,15152
2020.01.02,00:00,424.87,430.65,421.76,430.26,15954
2020.01.03,00:00,438.30,453.91,437.12,445.79,20905
2020.01.06,00:00,440.47,450.41,440.19,449.73,16191
2020.01.07,00:00,461.72,471.16,453.44,470.89,21145
2020.01.08,00:00,473.78,498.33,468.23,488.42,21983
2020.01.09,00:00,495.80,498.71,472.93,482.15,25939
2020.01.10,00:00,481.47,484.79,473.82,479.28,18639
2020.01.13,00:00,493.82,519.86,492.18,517.79,15777
2020.01.14,00:00,546.46,547.02,525.11,540.55,14386
2020.01.15,00:00,527.35,537.70,523.42,528.19,13800
2020.01.16,00:00,495.18,514.39,493.18,509.77,14987
2020.01.17,00:00,508.09,515.48,503.18,509.79,14087
2020.01.21,00:00,535.82,54343.47,535.29,545.96,12955
2020.01.22,00:00,570.15,594.27,561.62,567.42,14618
2020.01.23,00:00,564.35,581.78,555.75,573.31,14037
2020.01.24,00:00,570.88,573.30,554.60,562.32,11813
2020.01.27,00:00,541.55,564.24,539.61,556.25,12202
2020.01.28,00:00,567.80,576.53,558.18,566.15,13790
2020.01.29,00:00,575.41,587.41,567.51,584.28,12042
2020.01.30,00:00,630.44,650.64,618.38,638.45,23877
2020.01.31,00:00,638.56,646.61,632.55,644.13,20907
2020.02.03,00:00,673.67,785.41,673.67,755.59,15191
2020.02.04,00:00,886.02,947.77,835.16,945.12,17247
2020.02.05,00:00,811.95,845.56,704.68,737.81,14199
2020.02.06,00:00,701.78,795.53,687.26,748.49,14136
2020.02.07,00:00,734.96,768.43,732.34,747.73,13242
2020.02.10,00:00,800.79,818.96,752.71,776.60,15587
2020.02.11,00:00,769.15,783.35,758.53,769.68,15748
2020.02.12,00:00,777.63,789.44,763.59,766.71,14136
2020.02.13,00:00,741.99,817.84,735.63,802.66,13173
2020.02.14,00:00,787.76,812.71,786.86,799.37,13843
2020.02.18,00:00,841.77,859.75,832.88,853.88,13566
2020.02.19,00:00,918.32,944.50,901.72,914.16,15865
2020.02.20,00:00,911.72,911.72,860.21,890.37,13291
2020.02.21,00:00,904.97,912.79,880.70,897.47,12272
2020.02.25,00:00,848.70,856.09,787.39,798.37,11639
2020.02.26,00:00,781.64,812.90,776.54,784.49,11335
2020.02.27,00:00,727.11,738.97,669.44,682.70,10889
2020.02.28,00:00,625.37,690.35,611.74,645.89,10410
2020.03.02,00:00,711.07,738.52,710.32,722.12,7452
2020.03.03,00:00,805.50,805.64,716.58,744.55,13374
2020.03.04,00:00,764.34,766.23,724.77,733.57,11469
2020.03.05,00:00,723.72,745.34,718.66,727.48,11176
2020.03.06,00:00,695.64,705.42,684.61,691.00,12535
2020.03.09,00:00,605.21,661.50,604.82,608.22,13650
2020.03.10,00:00,659.54,667.67,608.08,644.59,12586
2020.03.11,00:00,639.64,652.16,613.28,633.20,13870
2020.03.12,00:00,577.79,593.74,546.23,557.16,11928
2020.03.13,00:00,591.97,607.12,502.06,542.22,19945
2020.03.16,00:00,468.97,494.36,443.17,444.62,11298
2020.03.17,00:00,440.74,471.56,395.98,429.58,11696
2020.03.18,00:00,392.48,404.50,350.73,361.13,11171
2020.03.19,00:00,373.86,451.72,359.26,428.17,10291
2020.03.20,00:00,436.47,476.64,425.99,427.44,11665
2020.03.23,00:00,433.57,441.04,411.20,433.52,20987
2020.03.24,00:00,480.87,513.45,474.32,504.10,20721
2020.03.25,00:00,542.32,556.48,511.38,539.14,22120
2020.03.26,00:00,547.45,557.79,512.41,526.83,21077
2020.03.27,00:00,502.62,525.54,494.22,514.73,23116
2020.03.30,00:00,510.16,516.49,491.80,502.00,18203
2020.03.31,00:00,501.29,542.77,497.30,523.80,19852
2020.04.01,00:00,503.23,513.61,475.22,481.38,20271
2020.04.02,00:00,480.97,493.99,446.98,453.59,19777
2020.04.03,00:00,506.97,515.26,468.49,479.52,25372
2020.04.06,00:00,510.60,520.35,498.25,515.82,20384
2020.04.07,00:00,542.85,564.68,532.46,545.72,22942
2020.04.08,00:00,551.52,557.12,533.42,548.47,22820
2020.04.09,00:00,561.72,575.10,557.33,572.80,18185
2020.04.13,00:00,591.43,651.84,580.46,650.93,26501
2020.04.14,00:00,697.10,741.59,692.64,709.77,24893
2020.04.15,00:00,737.30,752.97,710.15,729.50,22417
2020.04.16,00:00,717.71,759.39,707.22,745.67,21018
2020.04.17,00:00,771.59,771.97,747.71,753.36,16784
2020.04.20,00:00,732.92,765.34,713.24,746.22,20581
2020.04.21,00:00,727.43,752.87,674.01,686.98,17622
2020.04.22,00:00,700.17,733.77,688.83,732.53,20066
2020.04.23,00:00,728.02,733.80,703.23,705.34,18797
2020.04.24,00:00,711.22,730.55,698.90,726.64,19262
2020.04.27,00:00,737.51,799.19,735.14,798.61,23468
2020.04.28,00:00,795.30,804.49,757.02,769.22,19374
2020.04.29,00:00,792.05,802.99,783.34,799.76,17914
2020.04.30,00:00,851.47,869.49,763.63,781.51,21740
2020.05.01,00:00,758.48,772.52,683.18,701.56,24735
2020.05.04,00:00,700.49,761.92,698.93,761.84,19371
2020.05.05,00:00,790.26,798.75,762.68,767.68,20518
2020.05.06,00:00,775.32,789.66,761.57,782.59,19966
2020.05.07,00:00,777.42,796.18,772.73,779.91,15093
2020.05.08,00:00,792.85,823.90,787.20,819.08,17842
2020.05.11,00:00,790.55,823.90,785.32,810.65,20323
2020.05.12,00:00,825.45,842.84,808.14,808.94,16633
2020.05.13,00:00,818.76,825.73,763.56,790.70,17729
2020.05.14,00:00,779.96,803.15,764.44,803.15,19323
2020.05.15,00:00,792.02,805.05,786.68,799.09,19291
2020.05.18,00:00,824.93,834.60,803.94,813.55,17355
2020.05.19,00:00,815.43,822.05,806.26,808.12,17532
2020.05.20,00:00,819.30,825.51,811.86,815.29,17519
2020.05.21,00:00,815.84,832.39,796.06,827.09,17453
2020.05.22,00:00,823.04,831.67,812.09,816.67,18492
2020.05.26,00:00,830.74,832.16,815.81,818.97,15645
2020.05.27,00:00,820.50,822.96,785.12,820.03,14246
2020.05.28,00:00,813.89,824.62,801.95,805.71,15085
2020.05.29,00:00,808.66,834.89,804.27,834.25,16959
2020.06.01,00:00,857.52,898.92,854.44,898.22,18125
2020.06.02,00:00,895.30,908.50,870.79,881.47,16730
2020.06.03,00:00,888.31,897.84,880.08,882.72,13817
2020.06.04,00:00,889.73,895.60,858.55,864.35,13635
2020.06.05,00:00,878.50,886.33,866.30,885.38,14827
2020.06.08,00:00,918.10,949.97,909.48,949.33,15035
2020.06.09,00:00,940.59,954.22,924.30,941.59,14703
2020.06.10,00:00,989.44,1026.85,982.82,1024.91,13461
2020.06.11,00:00,986.66,1018.69,972.14,973.67,15394
2020.06.12,00:00,979.48,987.77,913.01,934.57,17212
2020.06.15,00:00,917.17,998.56,908.79,990.75,18257
2020.06.16,00:00,1010.60,1011.41,962.95,981.69,16492
2020.06.17,00:00,987.27,1004.92,982.76,990.94,16637
2020.06.18,00:00,1000.54,1018.82,994.45,1004.03,16428
2020.06.19,00:00,1012.63,1015.34,991.65,1000.24,15237
2020.06.22,00:00,998.89,1008.67,990.08,994.30,13742
2020.06.23,00:00,998.79,1011.92,994.30,1001.62,13306
2020.06.24,00:00,993.33,1000.57,953.62,960.63,12139
2020.06.25,00:00,954.45,985.74,937.53,985.32,12406
2020.06.26,00:00,994.52,994.52,955.17,960.71,12209
2020.06.29,00:00,968.98,1009.83,948.85,1009.52,11920
2020.06.30,00:00,1007.10,1087.25,1004.12,1079.16,13832
2020.07.01,00:00,1083.47,1135.08,1080.96,1119.44,12383
2020.07.02,00:00,1213.87,1224.18,1186.11,1208.09,12594
2020.07.06,00:00,1276.09,1377.64,1266.36,1371.47,17686
2020.07.07,00:00,1403.86,1428.90,1337.49,1389.00,27583
2020.07.08,00:00,1406.14,1417.09,1312.31,1365.57,26437
2020.07.09,00:00,1396.73,1407.76,1352.47,1393.88,24704
2020.07.10,00:00,1395.47,1548.76,1376.40,1546.39,28692
2020.07.13,00:00,1657.58,1793.52,1473.41,1493.69,29631
2020.07.14,00:00,1550.97,1588.57,1431.55,1515.67,22124
2020.07.15,00:00,1543.98,1549.81,1457.41,1547.77,23999
2020.07.16,00:00,1470.54,1531.22,1466.17,1499.52,25999
2020.07.17,00:00,1514.45,1537.14,1490.23,1499.94,22878
2020.07.20,00:00,1519.21,1649.79,1488.12,1642.88,25631
2020.07.21,00:00,1637.96,1674.62,1558.58,1566.74,27210
2020.07.22,00:00,1604.01,1626.17,1562.08,1594.09,27172
2020.07.23,00:00,1636.64,1659.40,1480.88,1513.42,28390
2020.07.24,00:00,1407.92,1464.59,1366.86,1415.80,18316
2020.07.27,00:00,1433.62,1547.67,1413.69,1539.49,16522
2020.07.28,00:00,1499.47,1564.30,1475.35,1475.35,15286
2020.07.29,00:00,1500.59,1534.22,1487.70,1499.53,19589
2020.07.30,00:00,1487.97,1513.01,1471.44,1487.93,18654
2020.07.31,00:00,1511.64,1511.64,1420.98,1431.19,20291
2020.08.03,00:00,1449.01,1509.63,1445.28,1484.35,18973
2020.08.04,00:00,1496.58,1527.12,1462.18,1486.14,15920
2020.08.05,00:00,1493.60,1499.41,1468.69,1485.62,14567
2020.08.06,00:00,1490.48,1517.22,1477.60,1489.96,17259
2020.08.07,00:00,1499.88,1499.88,1415.28,1453.72,17237
2020.08.10,00:00,1446.95,1456.67,1385.94,1419.37,16719
2020.08.11,00:00,1393.31,1419.74,1365.40,1373.47,16363
2020.08.12,00:00,1466.84,1584.80,1435.47,1553.65,25546
2020.08.13,00:00,1613.94,1649.89,1567.46,1619.83,24588
2020.08.14,00:00,1657.04,1667.92,1626.90,1651.13,23911
2020.08.17,00:00,1675.99,1845.40,1673.40,1834.71,26951
2020.08.18,00:00,1898.58,1923.41,1845.60,1889.06,23738
2020.08.19,00:00,1859.37,1910.47,1841.97,1879.93,27429
2020.08.20,00:00,1857.47,2021.56,1857.47,2002.15,27376
2020.08.21,00:00,2043.13,2095.49,2027.17,2050.42,28220
2020.08.24,00:00,2127.25,2127.25,1942.53,2015.60,27182
2020.08.25,00:00,1971.48,2027.20,1968.61,2024.50,22509
2020.08.26,00:00,2061.30,2165.68,2054.59,2151.80,24075
2020.08.27,00:00,2185.27,2294.84,2143.68,2238.55,25346
2020.08.28,00:00,2294.99,2318.43,2186.86,2216.11,28162
2020.08.31,00:00,444.40,499.77,440.16,498.58,38092
2020.09.01,00:00,502.18,502.20,470.64,475.08,27489
2020.09.02,00:00,478.87,478.87,405.25,447.56,26143
2020.09.03,00:00,407.19,431.21,402.02,407.06,24308
2020.09.04,00:00,402.48,427.68,372.40,418.47,27484
2020.09.08,00:00,355.73,368.57,330.09,330.13,21534
2020.09.09,00:00,357.34,368.82,341.56,366.48,23880
2020.09.10,00:00,386.81,398.72,360.81,371.33,22048
2020.09.11,00:00,381.75,381.75,360.64,372.43,25685
2020.09.14,00:00,380.51,419.81,373.50,419.69,23399
2020.09.15,00:00,437.05,461.81,430.69,450.25,27511
2020.09.16,00:00,437.32,457.61,435.32,441.86,22558
2020.09.17,00:00,413.60,437.57,408.37,423.23,31294
2020.09.18,00:00,447.64,450.72,429.09,442.33,19928
2020.09.21,00:00,453.23,454.91,407.35,449.40,20755
2020.09.22,00:00,429.24,437.60,417.75,424.05,22807
2020.09.23,00:00,403.21,411.89,375.88,380.51,23238
2020.09.24,00:00,362.22,399.38,351.47,387.52,23646
2020.09.25,00:00,393.66,408.61,391.40,406.91,25528
2020.09.28,00:00,424.67,427.92,415.64,420.99,25394
2020.09.29,00:00,415.78,428.38,411.62,418.90,24893
2020.09.30,00:00,421.39,433.75,420.58,429.37,23503
2020.10.01,00:00,440.25,448.84,434.53,447.76,22713
2020.10.02,00:00,418.93,438.99,415.19,415.22,24522
2020.10.05,00:00,423.45,433.54,419.39,425.22,25614
2020.10.06,00:00,423.81,428.64,406.41,413.87,25449
2020.10.07,00:00,420.15,429.82,414.06,425.01,17925
2020.10.08,00:00,438.79,438.89,425.51,426.03,24996
2020.10.09,00:00,430.22,434.53,426.50,433.89,20972
2020.10.12,00:00,441.85,448.67,438.58,441.81,25443
2020.10.13,00:00,443.41,448.76,436.68,446.41,26084
2020.10.14,00:00,449.65,465.68,447.43,461.33,27905
2020.10.15,00:00,450.17,456.39,442.60,449.02,22841
2020.10.16,00:00,454.37,455.83,438.83,439.71,24351
2020.10.19,00:00,446.31,446.75,428.91,430.77,26201
2020.10.20,00:00,431.77,431.77,419.14,421.93,22588
2020.10.21,00:00,422.85,432.83,421.29,422.56,24092
2020.10.22,00:00,441.85,445.05,424.62,425.90,18709
2020.10.23,00:00,421.37,422.76,407.45,420.36,21174
2020.10.26,00:00,411.61,425.64,410.02,416.57,19435
2020.10.27,00:00,423.70,430.39,420.24,424.47,15664
2020.10.28,00:00,415.56,418.40,406.23,406.37,21555
2020.10.29,00:00,409.71,418.01,406.45,411.11,12620
2020.10.30,00:00,406.73,407.48,379.17,388.56,16697
2020.11.02,00:00,393.85,406.79,392.33,397.52,15253
2020.11.03,00:00,409.75,427.61,406.76,424.82,22105
2020.11.04,00:00,431.19,435.31,417.33,422.65,17023
2020.11.05,00:00,428.44,439.81,424.10,433.95,16017
2020.11.06,00:00,435.76,436.50,424.36,428.95,11396
2020.11.09,00:00,439.72,452.39,427.86,429.30,7261
2020.11.10,00:00,419.62,419.85,396.13,409.17,8172
2020.11.11,00:00,416.23,418.58,410.67,415.26,16706
2020.11.12,00:00,415.05,422.88,409.55,411.71,17765
2020.11.13,00:00,410.80,412.44,401.70,404.29,16895
2020.11.16,00:00,408.62,412.40,404.11,408.69,15739
2020.11.17,00:00,460.21,461.93,433.13,444.61,23953
2020.11.18,00:00,448.12,493.72,443.59,492.64,21097
2020.11.19,00:00,497.04,508.50,487.72,500.82,23411
2020.11.20,00:00,497.77,502.15,489.19,493.96,20739
2020.11.23,00:00,503.59,525.00,501.79,523.49,26181
2020.11.24,00:00,540.74,559.23,526.33,558.35,26859
2020.11.25,00:00,550.42,572.44,545.50,571.07,26257
2020.11.26,00:00,573.90,573.90,573.90,573.90,1
2020.11.27,00:00,581.72,598.68,578.52,585.45,19067
2020.11.30,00:00,602.40,607.59,554.59,583.84,29113
2020.12.01,00:00,597.16,597.45,572.13,581.30,23023
2020.12.02,00:00,555.64,571.47,541.18,563.05,26177
2020.12.03,00:00,590.84,598.91,582.49,596.74,25403
2020.12.04,00:00,591.27,597.21,585.76,596.06,22677
2020.12.07,00:00,604.56,644.75,603.11,644.64,26498
2020.12.08,00:00,624.44,651.18,618.78,643.81,27114
2020.12.09,00:00,653.76,654.12,588.20,605.25,29261
2020.12.10,00:00,574.22,624.24,566.58,615.89,31597
2020.12.11,00:00,614.92,623.93,596.87,611.61,26714
2020.12.14,00:00,618.46,642.64,610.34,638.30,27716
2020.12.15,00:00,643.25,646.76,623.85,638.76,24843
2020.12.16,00:00,628.38,632.33,605.02,624.62,21954
2020.12.17,00:00,628.25,649.23,619.68,647.21,26176
2020.12.18,00:00,669.55,684.59,651.46,671.72,27314
2020.12.21,00:00,655.67,668.23,651.24,660.62,28414
2020.12.22,00:00,647.55,649.67,614.36,635.70,30992
2020.12.23,00:00,631.23,651.34,622.76,645.21,22422
2020.12.24,00:00,642.99,666.06,641.17,661.80,15693
2020.12.28,00:00,674.42,681.26,660.94,667.21,22841
2020.12.29,00:00,660.78,669.78,655.11,662.86,19261
2020.12.30,00:00,671.66,696.50,668.48,693.10,23927
2020.12.31,00:00,699.90,718.66,691.25,702.33,25845
2021.01.04,00:00,719.51,744.24,717.18,730.24,29164
2021.01.05,00:00,723.54,740.67,719.32,735.83,24312
2021.01.06,00:00,758.64,773.96,749.30,761.73,27333
2021.01.07,00:00,778.21,812.64,775.30,806.59,27202
2021.01.08,00:00,855.87,884.35,838.70,865.81,34151
2021.01.11,00:00,849.67,854.36,817.12,822.45,31291
2021.01.12,00:00,830.04,867.88,827.46,853.94,31230
2021.01.13,00:00,852.59,860.27,832.02,855.51,25018
2021.01.14,00:00,843.70,862.89,838.87,848.81,25442
2021.01.15,00:00,852.54,859.29,821.35,823.38,28444
2021.01.19,00:00,837.87,848.94,833.11,838.39,23334
2021.01.20,00:00,858.56,859.31,837.36,855.46,23803
2021.01.21,00:00,854.32,855.57,841.43,846.10,23912
2021.01.22,00:00,833.77,842.91,829.01,839.44,23618
2021.01.25,00:00,855.03,900.24,839.04,876.26,27502
2021.01.26,00:00,892.34,895.57,871.76,888.99,23311
2021.01.27,00:00,871.18,891.34,858.78,868.61,24500
2021.01.28,00:00,816.30,847.90,801.62,845.39,24192
2021.01.29,00:00,828.97,841.77,780.34,789.25,29114
2021.02.01,00:00,813.55,838.72,795.93,832.78,28486
2021.02.02,00:00,844.95,880.34,842.36,878.63,25331
2021.02.03,00:00,876.65,877.98,853.47,857.20,22409
2021.02.04,00:00,854.77,856.07,833.53,846.75,20387
2021.02.05,00:00,844.27,864.60,839.04,852.20,21571
2021.02.08,00:00,869.64,877.09,854.86,858.69,22918
2021.02.09,00:00,862.86,862.86,841.84,846.78,20631
2021.02.10,00:00,843.55,844.51,800.27,811.79,25948
2021.02.11,00:00,811.82,829.76,801.82,810.47,26821
2021.02.12,00:00,796.18,807.13,785.37,803.10,22523
2021.02.16,00:00,818.83,820.85,792.58,798.35,26601
2021.02.17,00:00,772.69,796.84,762.10,792.97,30823
2021.02.18,00:00,783.00,793.83,776.43,790.23,28275
2021.02.19,00:00,794.90,796.51,778.07,781.49,27588
2021.02.22,00:00,760.78,768.31,733.53,735.59,29123
2021.02.23,00:00,659.81,708.87,619.74,688.29,28821
2021.02.24,00:00,712.58,737.64,694.23,725.77,28374
2021.02.25,00:00,724.91,737.08,684.08,691.13,29929
2021.02.26,00:00,699.69,706.47,659.72,680.60,36440
2021.03.01,00:00,689.67,717.90,685.27,711.78,30764
2021.03.02,00:00,718.16,720.65,690.41,694.76,34490
2021.03.03,00:00,687.66,700.46,662.21,668.31,32221
2021.03.04,00:00,653.99,668.14,600.12,621.42,35012
2021.03.05,00:00,625.61,627.67,539.52,601.55,45738
2021.03.08,00:00,601.17,619.83,565.06,572.93,40660
2021.03.09,00:00,609.14,678.03,595.35,666.03,38716
2021.03.10,00:00,702.90,717.61,655.34,681.40,37864
2021.03.11,00:00,699.68,699.68,677.58,691.58,34178
2021.03.12,00:00,668.44,694.77,666.27,689.31,32762
2021.03.15,00:00,694.10,712.91,684.16,707.49,37236
2021.03.16,00:00,704.05,707.54,671.01,676.57,43096
2021.03.17,00:00,653.89,703.57,651.27,701.74,38846
2021.03.18,00:00,683.43,688.97,652.08,653.29,39808
2021.03.19,00:00,645.97,656.90,624.72,655.27,36717
2021.03.22,00:00,686.40,699.50,668.85,669.55,38103
2021.03.23,00:00,675.37,677.66,657.55,662.67,36900
2021.03.24,00:00,667.85,667.90,630.97,631.20,35373
2021.03.25,00:00,613.19,645.33,612.91,640.06,34798
2021.03.26,00:00,642.65,643.40,599.94,618.54,39727
2021.03.29,00:00,615.46,616.21,596.12,610.75,39941
2021.03.30,00:00,604.67,637.57,591.14,635.65,31433
2021.03.31,00:00,646.71,671.92,641.34,668.02,36670
2021.04.01,00:00,688.10,692.17,659.46,662.27,35765
2021.04.05,00:00,707.58,707.82,684.76,690.63,37894
2021.04.06,00:00,689.50,696.45,681.55,691.51,30265
2021.04.07,00:00,687.25,691.28,668.56,671.00,30902
2021.04.08,00:00,677.31,689.44,671.64,683.43,30510
2021.04.09,00:00,677.52,680.73,669.45,676.89,31099
2021.04.12,00:00,685.42,704.69,682.14,701.46,33688
2021.04.13,00:00,712.79,762.93,710.85,762.45,38147
2021.04.14,00:00,771.77,780.66,728.16,732.79,41861
2021.04.15,00:00,743.27,743.27,721.43,738.68,33439
2021.04.16,00:00,731.15,749.35,724.70,739.59,34660
2021.04.19,00:00,718.57,725.04,691.91,714.89,39841
2021.04.20,00:00,716.77,737.17,710.79,718.42,38259
2021.04.21,00:00,704.26,744.81,698.13,743.91,35708
2021.04.22,00:00,742.27,753.58,718.10,719.71,38531
2021.04.23,00:00,720.10,737.32,715.51,729.24,32437
2021.04.26,00:00,740.58,749.16,732.67,737.48,32607
2021.04.27,00:00,718.32,723.77,703.36,704.71,32022
2021.04.28,00:00,695.40,708.39,693.65,694.37,32874
2021.04.29,00:00,699.69,701.81,668.61,676.93,37180
2021.04.30,00:00,667.27,715.42,666.45,709.72,38980
2021.05.03,00:00,703.77,705.49,680.51,684.87,35550
2021.05.04,00:00,678.33,683.24,657.74,673.83,38659
2021.05.05,00:00,681.11,685.18,667.41,671.16,32857
2021.05.06,00:00,680.41,680.73,650.02,663.57,37757
2021.05.07,00:00,665.89,683.42,660.35,672.14,33193
2021.05.10,00:00,664.81,664.81,627.63,629.30,36687
2021.05.11,00:00,598.35,626.97,595.77,617.07,42035
2021.05.12,00:00,604.17,620.23,586.79,589.93,36907
2021.05.13,00:00,600.09,606.39,560.02,571.63,45968
2021.05.14,00:00,581.76,592.72,570.46,589.55,34562
2021.05.17,00:00,575.51,589.54,561.24,576.71,36789
2021.05.18,00:00,568.51,596.17,563.40,577.77,35556
2021.05.19,00:00,551.18,566.10,547.05,563.40,37912
2021.05.20,00:00,575.08,588.79,571.09,586.56,32388
2021.05.21,00:00,596.01,596.15,580.07,580.91,30933
2021.05.24,00:00,580.30,614.39,573.85,606.48,30193
2021.05.25,00:00,608.53,613.84,595.74,604.75,32499
2021.05.26,00:00,606.77,626.08,601.57,619.13,30671
2021.05.27,00:00,619.80,631.01,616.47,631.01,28237
2021.05.28,00:00,631.19,635.54,622.46,625.66,29903
2021.06.01,00:00,626.08,633.66,620.59,623.87,28535
2021.06.02,00:00,621.80,623.21,599.15,605.03,30851
2021.06.03,00:00,602.34,604.50,571.25,572.87,34275
2021.06.04,00:00,579.50,600.54,577.45,599.28,25305
2021.06.07,00:00,593.31,608.11,582.86,605.05,26700
2021.06.08,00:00,620.98,622.48,595.62,603.48,26552
2021.06.09,00:00,603.44,611.60,597.66,598.80,23613
2021.06.10,00:00,602.81,616.46,600.69,610.05,23830
2021.06.11,00:00,607.74,612.48,601.61,609.80,22582
2021.06.14,00:00,611.08,625.22,609.23,617.42,22564
2021.06.15,00:00,614.90,614.90,598.32,599.13,23512
2021.06.16,00:00,596.56,608.43,593.55,604.59,26591
2021.06.17,00:00,603.04,621.36,602.72,616.48,26633
2021.06.18,00:00,613.52,628.28,611.89,623.44,26080
2021.06.21,00:00,626.57,631.30,609.04,620.69,24841
2021.06.22,00:00,618.81,628.50,615.59,623.54,22328
2021.06.23,00:00,636.63,657.17,636.43,656.49,25370
2021.06.24,00:00,671.67,697.55,667.76,679.82,32557
2021.06.25,00:00,688.87,693.61,668.74,671.57,27294
2021.06.28,00:00,671.67,694.58,670.45,688.40,25023
2021.06.29,00:00,684.50,687.27,675.92,680.61,20746
2021.06.30,00:00,679.87,692.68,678.20,679.86,22489
2021.07.01,00:00,683.86,687.79,672.86,677.85,23291
2021.07.02,00:00,679.06,699.93,673.51,678.78,24287
2021.07.06,00:00,681.72,683.65,651.42,659.36,27115
2021.07.07,00:00,664.31,665.53,638.42,644.71,25557
2021.07.08,00:00,627.82,654.33,620.69,653.14,26258
2021.07.09,00:00,653.15,658.81,647.38,656.93,22066
2021.07.12,00:00,662.56,687.15,662.19,685.66,25683
2021.07.13,00:00,686.04,693.14,666.33,668.78,23841
2021.07.14,00:00,670.66,678.49,652.87,653.43,24259
2021.07.15,00:00,658.21,666.05,637.87,650.76,24399
2021.07.16,00:00,654.33,656.32,642.22,644.12,23363
2021.07.19,00:00,629.44,647.01,621.37,646.40,28394
2021.07.20,00:00,651.08,662.32,640.67,660.75,21195
2021.07.21,00:00,659.77,664.67,650.35,655.05,21958
2021.07.22,00:00,656.13,662.03,644.66,649.10,21383
2021.07.23,00:00,645.98,648.72,637.35,643.21,20305
2021.07.26,00:00,650.53,668.09,647.23,658.01,23840
2021.07.27,00:00,663.30,666.35,627.27,644.86,30025
2021.07.28,00:00,646.72,654.87,639.61,646.90,25252
2021.07.29,00:00,649.91,683.60,648.69,677.27,27337
2021.07.30,00:00,671.51,697.42,669.18,687.59,28525
2021.08.02,00:00,699.96,726.86,698.44,709.64,32026
2021.08.03,00:00,719.31,722.36,701.10,709.87,26895
2021.08.04,00:00,711.22,724.80,708.95,710.82,24709
2021.08.05,00:00,716.10,720.83,711.43,714.52,21971
2021.08.06,00:00,711.77,716.21,697.72,698.86,23710
2021.08.09,00:00,710.18,718.87,705.35,713.71,21213
2021.08.10,00:00,713.47,716.41,701.93,709.89,20883
2021.08.11,00:00,713.43,714.87,704.25,707.75,21399
2021.08.12,00:00,705.69,722.59,699.50,722.18,22577
2021.08.13,00:00,723.65,729.77,714.62,717.20,20863
2021.08.16,00:00,705.33,709.27,678.19,686.13,26634
2021.08.17,00:00,671.43,674.45,648.87,665.83,30182
2021.08.18,00:00,669.96,695.68,669.41,689.39,28318
2021.08.19,00:00,678.97,686.44,667.62,673.38,25781
2021.08.20,00:00,682.56,691.98,673.73,680.03,21815
2021.08.23,00:00,685.30,712.03,680.86,706.21,26087
2021.08.24,00:00,710.75,715.15,702.68,708.38,22004
2021.08.25,00:00,706.97,716.86,704.34,710.99,22224
2021.08.26,00:00,708.25,715.33,697.66,701.13,21832
2021.08.27,00:00,705.18,714.92,702.18,711.68,21235
2021.08.30,00:00,714.55,730.95,712.74,730.85,23548
2021.08.31,00:00,732.77,740.27,726.59,735.57,22517
2021.09.01,00:00,734.10,741.86,731.33,733.99,22336
2021.09.02,00:00,734.37,740.64,730.53,732.19,22018
2021.09.03,00:00,731.60,733.96,724.20,733.66,22877
2021.09.07,00:00,740.40,760.13,739.45,752.80,27123
2021.09.08,00:00,760.58,764.27,740.83,753.84,28826
2021.09.09,00:00,753.75,761.93,751.78,754.73,24472
2021.09.10,00:00,759.71,762.49,734.58,735.98,22111
2021.09.13,00:00,740.51,744.70,709.05,743.02,27531
2021.09.14,00:00,742.67,754.33,736.44,744.66,24531
2021.09.15,00:00,744.97,756.41,738.51,755.85,21474
2021.09.16,00:00,752.67,758.86,747.65,756.77,19528
2021.09.17,00:00,757.12,760.77,750.12,759.90,19684
2021.09.20,00:00,734.18,741.86,718.67,730.25,28889
2021.09.21,00:00,734.66,744.61,730.54,739.20,24808
2021.09.22,00:00,743.39,753.59,739.54,751.76,22991
2021.09.23,00:00,755.47,757.66,748.03,753.57,21033
2021.09.24,00:00,745.59,774.75,744.58,774.47,23774
2021.09.27,00:00,773.23,798.93,769.38,791.08,28407
2021.09.28,00:00,787.27,795.61,766.29,777.52,32337
2021.09.29,00:00,780.57,793.40,770.71,781.28,28561
2021.09.30,00:00,780.79,789.10,775.19,775.31,28461
2021.10.01,00:00,778.57,780.66,763.62,774.75,25164
2021.10.04,00:00,796.63,806.89,776.14,781.40,35101
2021.10.05,00:00,784.43,797.19,774.54,780.48,28277
2021.10.06,00:00,776.10,786.50,773.24,782.55,28789
2021.10.07,00:00,785.57,804.83,783.48,793.35,24427
2021.10.08,00:00,796.18,796.22,781.90,785.37,27234
2021.10.11,00:00,787.47,801.15,785.63,791.67,25613
2021.10.12,00:00,800.63,812.25,796.90,805.70,26679
2021.10.13,00:00,810.34,814.10,805.82,811.21,21691
2021.10.14,00:00,815.56,820.19,813.47,817.98,20032
2021.10.15,00:00,823.78,843.17,822.43,843.02,23514
2021.10.18,00:00,851.51,875.00,851.34,870.17,27353
2021.10.19,00:00,877.15,877.73,862.54,864.03,22617
2021.10.20,00:00,865.32,869.38,857.35,865.32,21767
2021.10.21,00:00,856.45,899.83,856.44,893.58,26813
2021.10.22,00:00,895.72,909.96,890.97,909.60,25436
2021.10.25,00:00,951.04,1044.76,944.42,1024.65,37694
2021.10.26,00:00,1023.82,1094.83,1001.67,1018.31,38176
2021.10.27,00:00,1038.56,1070.41,1030.97,1037.77,29467
2021.10.28,00:00,1068.27,1080.56,1055.04,1076.78,26589
2021.10.29,00:00,1081.32,1114.99,1073.53,1114.23,26071
2021.11.01,00:00,1144.89,1209.57,1118.98,1209.06,31905
2021.11.02,00:00,1156.07,1207.57,1146.33,1171.91,28680
2021.11.03,00:00,1177.23,1215.17,1152.82,1213.71,26790
2021.11.04,00:00,1234.95,1243.21,1217.14,1229.13,24907
2021.11.05,00:00,1228.34,1239.72,1208.26,1221.57,23249
2021.11.08,00:00,1149.76,1196.78,1133.64,1184.19,18417
2021.11.09,00:00,1173.56,1174.11,1026.14,1049.39,26503
2021.11.10,00:00,1010.22,1077.79,991.14,1021.03,22633
2021.11.11,00:00,1101.53,1103.47,1056.23,1066.19,19844
2021.11.12,00:00,1047.61,1053.94,1019.47,1023.21,20799
2021.11.15,00:00,1017.45,1022.97,978.77,1017.23,24116
2021.11.16,00:00,1004.04,1057.05,1003.40,1045.58,20834
2021.11.17,00:00,1063.55,1119.41,1055.81,1101.63,24071
2021.11.18,00:00,1106.97,1111.62,1075.13,1086.44,18376
2021.11.19,00:00,1098.92,1138.48,1093.22,1133.31,17640
2021.11.22,00:00,1163.13,1201.76,1133.03,1183.25,21445
2021.11.23,00:00,1167.13,1180.23,1062.85,1089.52,25088
2021.11.24,00:00,1081.97,1130.27,1062.13,1126.87,20139
2021.11.26,00:00,1098.80,1106.61,1081.13,1086.56,12768
2021.11.29,00:00,1100.67,1142.50,1100.57,1128.62,15869
2021.11.30,00:00,1144.70,1167.65,1118.24,1137.91,21814
2021.12.01,00:00,1162.88,1172.12,1118.31,1121.22,20113
2021.12.02,00:00,1099.47,1112.73,1056.95,1082.29,22797
2021.12.03,00:00,1084.44,1090.15,1006.57,1009.42,25748
2021.12.06,00:00,1000.68,1021.30,950.89,1007.31,21007
2021.12.07,00:00,1045.00,1057.43,1026.93,1049.99,18663
2021.12.08,00:00,1052.49,1067.48,1033.31,1065.57,16905
2021.12.09,00:00,1060.28,1062.14,1011.51,1012.41,18613
2021.12.10,00:00,1008.50,1020.72,982.84,1010.84,19890
2021.12.13,00:00,1000.95,1004.36,951.74,970.79,24603
2021.12.14,00:00,942.42,957.86,930.11,944.56,20813
2021.12.15,00:00,953.18,971.35,928.44,949.56,23644
2021.12.16,00:00,994.12,994.43,925.37,929.21,22441
2021.12.17,00:00,914.31,960.34,909.31,942.41,24950
2021.12.20,00:00,910.16,921.36,893.56,901.01,25706
2021.12.21,00:00,917.66,935.97,886.22,933.41,23827
2021.12.22,00:00,964.98,1015.35,957.40,1004.80,25622
2021.12.23,00:00,1006.77,1072.76,997.72,1067.20,27126
2021.12.27,00:00,1073.52,1116.85,1071.17,1106.21,22347
2021.12.28,00:00,1109.07,1118.55,1078.66,1091.38,21458
2021.12.29,00:00,1098.61,1103.06,1064.41,1092.90,22108
2021.12.30,00:00,1060.22,1095.36,1055.35,1081.29,18715
2021.12.31,00:00,1073.28,1081.75,1059.59,1061.96,18501
2022.01.03,00:00,1148.05,1194.63,1136.46,1194.45,25841
2022.01.04,00:00,1189.42,1207.85,1123.29,1145.56,29720
2022.01.05,00:00,1145.73,1169.93,1104.68,1105.19,26442
2022.01.06,00:00,1074.55,1085.98,1020.89,1076.17,27526
2022.01.07,00:00,1078.72,1080.70,1010.20,1032.04,29823
2022.01.10,00:00,999.21,1044.31,980.08,1038.68,29295
2022.01.11,00:00,1053.48,1075.61,1039.35,1059.39,25656
2022.01.12,00:00,1079.64,1113.67,1072.76,1113.17,27380
2022.01.13,00:00,1109.22,1115.07,1051.51,1059.34,26071
2022.01.14,00:00,1018.77,1048.34,1013.46,1035.52,27120
2022.01.18,00:00,1025.93,1070.52,1016.28,1049.73,26252
2022.01.19,00:00,1040.69,1054.25,995.59,1007.30,28109
2022.01.20,00:00,1008.94,1041.60,1002.79,1010.72,24437
2022.01.21,00:00,997.97,1003.98,949.06,949.24,32110
2022.01.24,00:00,904.68,915.56,851.65,890.73,32560
2022.01.25,00:00,914.61,950.76,903.55,947.90,27490
2022.01.26,00:00,952.59,987.16,938.75,953.29,26911
2022.01.27,00:00,934.50,934.50,840.11,844.61,34933
2022.01.28,00:00,831.92,857.26,792.11,828.32,34227
2022.01.31,00:00,872.50,936.70,862.25,934.69,24210
2022.02.01,00:00,935.47,943.60,905.05,925.03,27028
2022.02.02,00:00,928.87,931.22,889.70,906.26,28159
2022.02.03,00:00,881.29,936.82,880.59,902.80,31269
2022.02.04,00:00,896.85,934.41,881.28,931.60,28440
2022.02.07,00:00,923.63,947.46,907.49,919.49,26244
2022.02.08,00:00,906.05,926.12,895.16,923.39,22399
2022.02.09,00:00,932.42,939.10,926.41,930.15,13367
2022.02.10,00:00,907.24,943.73,906.31,911.26,27160
2022.02.11,00:00,909.60,915.44,852.11,855.41,29987
2022.02.14,00:00,861.53,898.70,853.35,873.69,28057
2022.02.15,00:00,899.59,921.68,893.33,916.33,23082
2022.02.16,00:00,914.46,925.54,901.32,921.56,23015
2022.02.17,00:00,912.88,918.26,876.08,878.33,24027
2022.02.18,00:00,885.68,886.15,837.66,858.20,28271
2022.02.22,00:00,833.98,855.76,801.23,823.79,30760
2022.02.23,00:00,831.54,834.97,771.08,772.86,30411
2022.02.24,00:00,700.40,779.51,700.10,776.43,30849
2022.02.25,00:00,810.74,819.44,782.54,803.13,26721
2022.02.28,00:00,815.48,876.51,814.74,861.77,28658
2022.03.01,00:00,869.73,889.66,856.86,863.88,26156
2022.03.02,00:00,871.98,885.99,844.59,870.22,27096
2022.03.03,00:00,878.55,886.06,841.75,844.74,27303
2022.03.04,00:00,847.90,855.36,825.37,830.95,28226
2022.03.07,00:00,856.41,865.72,811.18,811.78,27063
2022.03.08,00:00,795.46,849.79,783.55,838.24,27954
2022.03.09,00:00,838.84,858.15,832.26,855.78,22298
2022.03.10,00:00,851.55,853.29,810.57,835.44,24531
2022.03.11,00:00,840.48,843.33,793.74,795.75,25955
2022.03.14,00:00,781.20,800.30,756.17,766.28,29354
2022.03.15,00:00,774.62,805.40,756.69,801.58,29710
2022.03.16,00:00,807.78,841.86,802.58,840.30,29763
2022.03.17,00:00,831.96,874.89,826.10,871.54,27102
2022.03.18,00:00,874.66,907.76,867.67,905.53,28255
2022.03.21,00:00,915.15,942.61,907.23,921.24,30583
2022.03.22,00:00,930.16,997.67,921.88,994.01,32542
2022.03.23,00:00,980.54,1040.59,977.15,999.01,36173
2022.03.24,00:00,1009.63,1024.22,988.82,1013.78,31557
2022.03.25,00:00,1007.99,1021.59,997.43,1011.17,30613
2022.03.28,00:00,1065.93,1097.78,1053.61,1092.11,33021
2022.03.29,00:00,1108.05,1114.55,1073.28,1099.11,28951
2022.03.30,00:00,1090.03,1113.73,1084.00,1093.66,29330
2022.03.31,00:00,1094.43,1103.02,1078.13,1078.13,28827
2022.04.01,00:00,1080.74,1094.61,1066.69,1084.34,29762
2022.04.04,00:00,1089.22,1149.81,1073.08,1145.46,29567
2022.04.05,00:00,1136.48,1152.53,1087.35,1091.38,36357
2022.04.06,00:00,1071.49,1078.14,1027.82,1045.64,37795
2022.04.07,00:00,1052.66,1076.46,1021.64,1056.94,33293
2022.04.08,00:00,1043.90,1048.07,1022.53,1025.34,32604
2022.04.11,00:00,979.72,1008.28,974.69,975.70,32366
2022.04.12,00:00,998.54,1021.00,976.71,987.19,31301
2022.04.13,00:00,981.05,1026.19,973.25,1022.62,28540
2022.04.14,00:00,999.03,1012.31,982.28,984.57,26283
2022.04.18,00:00,989.42,1014.78,973.65,1004.29,27271
2022.04.19,00:00,1004.58,1034.84,995.60,1028.07,27892
2022.04.20,00:00,1029.95,1033.84,975.34,976.40,31973
2022.04.21,00:00,1073.26,1089.86,996.51,1009.39,35883
2022.04.22,00:00,1015.04,1034.64,994.29,1005.15,33874
2022.04.25,00:00,978.81,1008.44,975.87,998.27,32169
2022.04.26,00:00,995.72,999.74,875.21,875.84,35779
2022.04.27,00:00,899.16,917.78,877.37,881.48,36849
2022.04.28,00:00,896.95,899.28,821.73,877.41,35052
2022.04.29,00:00,901.50,934.28,870.06,870.89,34969
2022.05.02,00:00,861.01,906.16,848.95,902.93,34669
2022.05.03,00:00,902.91,923.93,888.91,909.10,31807
2022.05.04,00:00,904.36,955.24,885.41,952.66,31289
2022.05.05,00:00,938.89,945.35,858.02,874.19,33182
2022.05.06,00:00,885.85,887.70,843.53,865.89,35814
2022.05.09,00:00,836.28,842.61,781.37,787.48,20533
2022.05.10,00:00,818.75,825.06,774.56,802.10,32982
2022.05.11,00:00,794.37,808.84,727.90,732.77,21047
2022.05.12,00:00,701.00,756.58,680.09,728.01,21202
2022.05.13,00:00,773.53,786.17,751.54,769.27,16333
2022.05.16,00:00,766.32,769.66,719.19,724.47,37122
2022.05.17,00:00,747.42,764.37,729.05,761.84,29280
2022.05.18,00:00,744.73,760.45,700.96,710.16,33655
2022.05.19,00:00,707.04,733.81,694.27,709.65,35346
2022.05.20,00:00,713.77,721.36,632.98,663.87,36200
2022.05.23,00:00,655.11,679.92,638.47,674.74,31417
2022.05.24,00:00,652.79,653.44,620.67,628.12,35043
2022.05.25,00:00,623.82,669.20,623.20,658.35,34979
2022.05.26,00:00,661.47,718.55,653.94,707.54,30844
2022.05.27,00:00,723.88,759.65,720.71,759.65,30344
2022.05.31,00:00,773.42,778.38,734.43,758.79,35379
2022.06.01,00:00,755.49,771.02,730.93,740.28,36087
2022.06.02,00:00,733.16,792.53,726.43,776.64,33507
2022.06.03,00:00,728.77,743.25,700.43,703.37,33318
2022.06.06,00:00,733.35,734.33,703.10,714.70,34831
2022.06.07,00:00,701.36,719.86,690.33,716.51,31860
2022.06.08,00:00,720.55,749.69,717.68,725.50,35446
2022.06.09,00:00,747.78,766.50,718.01,719.04,34846
2022.06.10,00:00,704.78,718.45,683.80,696.96,39170
2022.06.13,00:00,667.84,679.48,644.14,647.18,36392
2022.06.14,00:00,654.71,678.87,635.29,662.60,35806
2022.06.15,00:00,662.44,706.77,654.60,698.66,37236
2022.06.16,00:00,667.57,675.21,626.12,639.17,34993
2022.06.17,00:00,640.17,662.79,639.66,650.00,32184
2022.06.21,00:00,673.97,730.65,673.37,710.96,28194
2022.06.22,00:00,702.02,740.28,701.51,708.13,29491
2022.06.23,00:00,713.95,717.58,685.92,705.19,31659
2022.06.24,00:00,713.36,738.10,708.22,736.86,29431
2022.06.27,00:00,748.10,755.73,727.68,734.87,32706
2022.06.28,00:00,733.32,749.78,697.21,697.96,34278
2022.06.29,00:00,691.63,693.44,666.85,685.36,28549
2022.06.30,00:00,673.48,688.20,656.69,672.18,33504
2022.07.01,00:00,681.23,690.45,666.37,681.63,33392
2022.07.05,00:00,668.33,699.34,648.64,699.31,32785
2022.07.06,00:00,692.29,703.50,681.67,694.92,32869
2022.07.07,00:00,701.33,736.06,696.81,733.31,30507
2022.07.08,00:00,727.08,763.81,723.57,752.13,34709
2022.07.11,00:00,756.33,758.77,700.90,703.05,33685
2022.07.12,00:00,710.58,719.16,685.20,699.44,33375
2022.07.13,00:00,677.17,725.99,675.21,710.60,33136
2022.07.14,00:00,703.90,715.88,688.14,714.80,32402
2022.07.15,00:00,720.85,730.49,710.73,719.95,27748
2022.07.18,00:00,734.34,751.43,718.84,721.62,30154
2022.07.19,00:00,736.40,741.26,711.10,736.09,29853
2022.07.20,00:00,740.58,751.80,730.50,741.95,30184
2022.07.21,00:00,766.22,819.63,766.22,815.17,35860
2022.07.22,00:00,828.77,842.15,812.22,816.80,36566
2022.07.25,00:00,816.60,822.20,802.30,804.84,32131
2022.07.26,00:00,799.74,801.57,769.00,776.32,30401
2022.07.27,00:00,791.90,827.66,785.57,824.03,32173
2022.07.28,00:00,840.17,849.75,818.53,842.52,31971
2022.07.29,00:00,842.28,894.88,837.51,891.43,32834
2022.08.01,00:00,903.77,935.51,885.03,891.89,40189
2022.08.02,00:00,882.22,923.36,878.36,901.64,40608
2022.08.03,00:00,914.52,928.38,903.42,922.14,33638
2022.08.04,00:00,932.76,940.56,915.06,925.86,31607
2022.08.05,00:00,908.19,912.51,856.99,864.25,35785
2022.08.08,00:00,884.30,915.42,867.30,871.19,32537
2022.08.09,00:00,870.73,876.78,838.09,849.92,34630
2022.08.10,00:00,892.06,892.07,850.22,882.57,31305
2022.08.11,00:00,889.32,894.44,857.51,860.35,33214
2022.08.12,00:00,868.20,900.34,855.69,899.96,31923
2022.08.15,00:00,905.26,939.32,903.81,927.56,30202
2022.08.16,00:00,934.99,943.80,908.76,919.84,32846
2022.08.17,00:00,909.22,928.78,900.14,911.92,30165
2022.08.18,00:00,917.70,919.43,905.87,908.50,31299
2022.08.19,00:00,896.58,900.80,877.72,890.06,22926
2022.08.22,00:00,875.55,876.96,858.92,869.61,26031
2022.08.23,00:00,874.57,896.45,863.80,889.05,31584
2022.08.24,00:00,892.92,910.82,889.65,891.16,25417
2022.08.25,00:00,302.62,302.83,291.63,296.08,26065
2022.08.26,00:00,297.37,301.90,287.46,288.12,31515
2022.08.29,00:00,282.79,287.65,280.73,284.78,27625
2022.08.30,00:00,288.13,288.33,272.63,277.70,35411
2022.08.31,00:00,280.84,280.87,271.80,275.51,34812
2022.09.01,00:00,272.12,277.51,266.13,277.17,34711
2022.09.02,00:00,281.78,282.27,269.06,270.27,34254
2022.09.06,00:00,272.62,275.94,265.75,274.48,36545
2022.09.07,00:00,273.09,283.80,272.29,283.72,32674
2022.09.08,00:00,281.18,289.45,279.83,289.25,34148
2022.09.09,00:00,291.62,299.80,291.27,299.67,25230
2022.09.12,00:00,300.71,305.44,300.53,304.48,29930
2022.09.13,00:00,292.79,297.34,290.56,292.01,33195
2022.09.14,00:00,292.22,305.90,291.65,302.65,33206
2022.09.15,00:00,301.83,309.05,300.72,303.68,32714
2022.09.16,00:00,299.59,303.67,295.63,303.23,32664
2022.09.19,00:00,299.85,309.80,297.82,309.12,33435
2022.09.20,00:00,306.86,313.26,305.58,308.67,30388
2022.09.21,00:00,308.23,313.72,300.68,300.71,32887
2022.09.22,00:00,299.94,301.25,285.80,288.48,37916
2022.09.23,00:00,282.42,284.43,272.81,275.36,35841
2022.09.26,00:00,272.04,284.01,270.32,275.95,35572
2022.09.27,00:00,284.03,288.60,277.50,283.04,37831
2022.09.28,00:00,283.01,288.96,277.64,287.71,35435
2022.09.29,00:00,282.83,283.62,265.80,268.34,37345
2022.09.30,00:00,266.10,275.51,262.48,265.52,37908
2022.10.03,00:00,254.27,255.04,241.00,242.22,36569
2022.10.04,00:00,250.69,256.83,241.99,249.52,38230
2022.10.05,00:00,244.82,246.64,233.26,240.29,37553
2022.10.06,00:00,239.37,244.51,235.38,238.14,36092
2022.10.07,00:00,233.87,234.52,222.00,223.31,35841
2022.10.10,00:00,223.90,226.94,218.35,222.94,34987
2022.10.11,00:00,220.98,225.64,215.00,216.55,39371
2022.10.12,00:00,215.33,219.24,211.52,217.17,35323
2022.10.13,00:00,208.34,222.95,206.32,221.76,41760
2022.10.14,00:00,224.51,226.21,204.15,204.99,40334
2022.10.17,00:00,210.21,221.82,209.55,219.42,34437
2022.10.18,00:00,229.36,229.64,217.23,220.18,29991
2022.10.19,00:00,219.79,222.87,217.82,222.27,24326
2022.10.20,00:00,207.97,215.46,202.03,207.24,32789
2022.10.21,00:00,206.41,214.60,203.83,214.47,29214
2022.10.24,00:00,205.81,213.44,198.57,211.23,30940
2022.10.25,00:00,210.07,224.31,210.07,222.34,29821
2022.10.26,00:00,219.54,230.46,218.22,224.59,30648
2022.10.27,00:00,229.69,233.73,222.83,225.03,28514
2022.10.28,00:00,225.31,228.83,216.37,228.43,26362
2022.10.31,00:00,226.20,229.80,221.94,227.44,29344
2022.11.01,00:00,234.27,237.34,227.26,227.83,26082
2022.11.02,00:00,225.95,227.79,214.82,214.90,27648
2022.11.03,00:00,211.09,221.13,210.31,215.35,25384
2022.11.04,00:00,222.79,223.69,203.07,207.37,30696
2022.11.07,00:00,208.61,208.82,196.65,199.00,23820
2022.11.08,00:00,193.64,195.16,186.73,190.41,27441
2022.11.09,00:00,190.73,195.84,178.00,179.30,28626
2022.11.10,00:00,189.94,190.96,180.04,186.14,26966
2022.11.11,00:00,185.71,196.48,182.60,196.31,26366
2022.11.14,00:00,192.81,195.69,186.34,192.71,24800
2022.11.15,00:00,196.30,200.77,192.06,194.08,28244
2022.11.16,00:00,191.39,192.48,186.56,187.26,21737
2022.11.17,00:00,183.63,186.07,181.36,181.80,21358
2022.11.18,00:00,184.87,184.87,176.54,178.52,22318
2022.11.21,00:00,175.64,176.73,167.52,168.47,23869
2022.11.22,00:00,168.63,170.86,166.20,168.71,20247
2022.11.23,00:00,173.66,183.34,172.48,183.13,29592
2022.11.25,00:00,184.80,184.80,180.64,182.77,16093
2022.11.28,00:00,179.45,188.45,179.03,183.64,28543
2022.11.29,00:00,184.89,186.35,179.18,179.52,28295
2022.11.30,00:00,182.57,190.64,180.63,188.95,25528
2022.12.01,00:00,197.06,198.85,191.79,194.45,25681
2022.12.02,00:00,191.67,196.21,191.09,193.46,26559
2022.12.05,00:00,189.37,191.21,180.86,181.34,27116
2022.12.06,00:00,181.14,183.62,175.33,179.08,28651
2022.12.07,00:00,174.96,179.33,172.19,173.02,28916
2022.12.08,00:00,172.03,175.16,169.03,173.52,26650
2022.12.09,00:00,173.73,182.47,173.38,180.94,29343
2022.12.12,00:00,176.07,177.33,167.71,168.66,24221
2022.12.13,00:00,174.15,174.80,156.93,161.43,31979
2022.12.14,00:00,159.59,161.56,155.32,156.36,27657
2022.12.15,00:00,153.58,160.86,153.50,157.70,28534
2022.12.16,00:00,159.67,160.88,150.03,151.27,25304
2022.12.19,00:00,154.03,155.19,145.82,149.95,28721
2022.12.20,00:00,145.84,148.42,140.08,140.21,29205
2022.12.21,00:00,139.36,141.21,135.89,138.71,25461
2022.12.22,00:00,136.26,136.53,122.24,124.86,29214
2022.12.23,00:00,126.43,128.56,121.00,124.65,25982
2022.12.27,00:00,117.48,119.63,111.60,111.96,27781
2022.12.28,00:00,110.33,116.17,108.22,111.85,29554
2022.12.29,00:00,120.32,123.53,117.49,119.30,30448
2022.12.30,00:00,119.93,124.41,119.75,121.48,29325
2023.01.03,00:00,118.39,118.76,104.63,108.32,29264
2023.01.04,00:00,109.08,114.56,107.50,113.59,29922
2023.01.05,00:00,110.31,111.69,107.16,110.78,31906
2023.01.06,00:00,102.66,113.97,101.82,113.50,33972
2023.01.09,00:00,118.98,123.47,117.10,120.58,30720
2023.01.10,00:00,121.05,122.73,114.97,117.67,30091
2023.01.11,00:00,122.20,125.90,120.51,121.55,27876
2023.01.12,00:00,122.48,124.08,117.00,123.27,31837
2023.01.13,00:00,116.51,121.62,115.59,120.68,27109
2023.01.17,00:00,125.75,131.34,125.01,130.64,26113
2023.01.18,00:00,136.55,136.57,126.99,128.54,28474
2023.01.19,00:00,127.10,129.95,124.29,127.47,29004
2023.01.20,00:00,128.37,132.53,127.36,132.13,24412
2023.01.23,00:00,135.84,145.32,134.31,142.79,28132
2023.01.24,00:00,142.99,146.37,141.08,143.97,29360
2023.01.25,00:00,141.80,146.38,138.07,145.23,29915
2023.01.26,00:00,159.95,161.36,154.75,158.34,32203
2023.01.27,00:00,162.66,180.64,161.18,179.26,38194
2023.01.30,00:00,178.02,179.68,168.29,169.69,35302
2023.01.31,00:00,164.28,173.71,162.83,173.19,31547
2023.02.01,00:00,173.83,179.71,169.96,178.42,32973
2023.02.02,00:00,187.28,196.71,185.00,185.30,36354
2023.02.03,00:00,184.19,198.95,183.69,189.79,39480
2023.02.06,00:00,193.04,197.41,189.96,195.12,36100
2023.02.07,00:00,196.43,197.21,189.57,194.88,37555
2023.02.08,00:00,196.14,202.81,194.32,201.03,35973
2023.02.09,00:00,207.64,213.96,205.57,209.79,38551
2023.02.10,00:00,202.14,206.14,192.94,197.14,37184
2023.02.13,00:00,194.39,196.25,187.64,193.95,33588
2023.02.14,00:00,191.55,206.78,189.47,205.91,38450
2023.02.15,00:00,211.84,214.62,206.10,210.16,34912
2023.02.16,00:00,210.70,217.61,208.33,210.98,37791
2023.02.17,00:00,200.03,207.95,197.49,207.60,38468
2023.02.21,00:00,204.76,209.65,198.68,200.00,37211
2023.02.22,00:00,197.78,201.95,191.82,198.05,37525
2023.02.23,00:00,204.03,205.05,196.35,201.27,34457
2023.02.24,00:00,196.04,197.61,192.79,196.81,35517
2023.02.27,00:00,202.18,209.38,201.27,208.17,31889
2023.02.28,00:00,210.64,211.13,203.74,207.90,32543
2023.03.01,00:00,206.21,207.16,198.52,202.23,31889
2023.03.02,00:00,186.52,193.68,186.02,189.12,22170
2023.03.03,00:00,194.61,200.45,192.88,199.79,29253
2023.03.06,00:00,198.49,198.52,192.30,194.74,28336
2023.03.07,00:00,191.18,194.17,186.09,189.03,32611
2023.03.08,00:00,184.48,186.43,179.99,181.93,31567
2023.03.09,00:00,180.41,185.13,175.49,175.93,33770
2023.03.10,00:00,174.94,178.25,168.48,174.61,37159
2023.03.13,00:00,167.49,177.30,164.00,174.42,45154
2023.03.14,00:00,177.35,183.76,177.22,183.26,35468
2023.03.15,00:00,180.82,182.28,176.01,180.52,41789
2023.03.16,00:00,180.24,185.76,178.85,184.03,35902
2023.03.17,00:00,184.60,186.16,177.31,180.03,37846
2023.03.20,00:00,178.07,186.40,176.36,183.12,38029
2023.03.21,00:00,188.49,197.96,188.04,197.54,33731
2023.03.22,00:00,199.23,200.60,191.00,191.03,37619
2023.03.23,00:00,195.35,199.27,188.63,192.27,40804
2023.03.24,00:00,191.67,192.29,187.14,190.39,35933
2023.03.27,00:00,194.55,197.34,189.94,191.75,36271
2023.03.28,00:00,192.01,192.34,185.41,189.17,31166
2023.03.29,00:00,193.17,195.25,189.45,193.85,29147
2023.03.30,00:00,195.57,197.28,194.41,195.19,30153
2023.03.31,00:00,197.48,207.76,197.22,207.47,32174
2023.04.03,00:00,199.85,202.64,192.18,194.70,32562
2023.04.04,00:00,197.25,198.69,190.30,192.61,33513
2023.04.05,00:00,190.31,190.63,183.75,185.45,33224
2023.04.06,00:00,182.39,186.35,179.80,185.02,29630
2023.04.10,00:00,179.80,185.06,176.09,184.44,30994
2023.04.11,00:00,186.57,189.15,185.67,186.77,28853
2023.04.12,00:00,190.76,191.53,180.31,180.47,33926
2023.04.13,00:00,182.71,186.46,180.92,185.84,27144
2023.04.14,00:00,183.89,186.23,181.99,184.98,28210
2023.04.17,00:00,186.25,189.66,182.69,186.97,28366
2023.04.18,00:00,187.12,187.65,183.57,184.30,25533
2023.04.19,00:00,178.75,183.47,177.66,180.51,24924
2023.04.20,00:00,166.05,169.45,160.54,162.94,31422
2023.04.21,00:00,164.78,165.97,161.32,165.02,25458
2023.04.24,00:00,164.66,165.60,158.61,162.52,27518
2023.04.25,00:00,159.80,163.44,158.75,160.62,27408
2023.04.26,00:00,160.32,160.58,153.13,153.65,29801
2023.04.27,00:00,152.57,160.43,152.38,160.09,27534
2023.04.28,00:00,160.87,164.96,157.30,164.30,28550
2023.05.01,00:00,163.15,163.24,158.81,161.78,27186
2023.05.02,00:00,161.89,165.45,158.91,160.26,31096
2023.05.03,00:00,159.95,164.96,159.92,160.57,32740
2023.05.04,00:00,162.75,162.91,159.63,161.15,31119
2023.05.05,00:00,164.06,170.73,163.53,170.05,24208
2023.05.08,00:00,173.69,173.72,169.16,171.80,28867
2023.05.09,00:00,168.61,169.78,166.54,169.12,26062
2023.05.10,00:00,172.73,174.34,166.69,168.50,31811
2023.05.11,00:00,168.71,173.51,166.79,172.04,29539
2023.05.12,00:00,176.10,177.34,167.21,167.96,33922
2023.05.15,00:00,167.58,169.72,164.52,166.34,28076
2023.05.16,00:00,165.63,169.49,164.37,166.51,26665
2023.05.17,00:00,168.36,174.46,167.16,173.79,26636
2023.05.18,00:00,174.23,177.02,172.45,176.90,27267
2023.05.19,00:00,177.18,181.91,176.36,180.08,30515
2023.05.22,00:00,180.74,189.28,180.09,188.88,29157
2023.05.23,00:00,186.42,192.92,185.25,185.76,34219
2023.05.24,00:00,181.99,184.18,178.21,182.86,31801
2023.05.25,00:00,186.61,186.73,180.59,184.38,30807
2023.05.26,00:00,184.57,198.57,184.55,193.12,31901
2023.05.30,00:00,199.84,204.44,197.51,201.11,31623
2023.05.31,00:00,199.75,203.91,195.10,203.76,30998
2023.06.01,00:00,202.58,209.77,199.36,207.43,33037
2023.06.02,00:00,210.03,217.20,209.80,213.93,31402
2023.06.05,00:00,217.79,221.25,214.52,217.59,34240
2023.06.06,00:00,216.09,221.87,212.54,221.40,30907
2023.06.07,00:00,228.12,230.78,223.20,224.64,38910
2023.06.08,00:00,224.02,235.20,223.03,234.81,31543
2023.06.09,00:00,249.02,252.35,242.02,244.18,40616
2023.06.12,00:00,247.94,250.91,244.58,249.77,34109
2023.06.13,00:00,253.56,259.64,251.35,258.76,38335
2023.06.14,00:00,260.09,261.51,250.50,256.59,34928
2023.06.15,00:00,247.68,258.91,247.30,256.09,39549
2023.06.16,00:00,258.86,263.56,257.26,260.30,36469
2023.06.20,00:00,261.45,274.71,261.17,274.51,34911
2023.06.21,00:00,275.04,276.90,257.81,259.34,39014
2023.06.22,00:00,250.69,264.74,248.33,264.68,38167
2023.06.23,00:00,259.19,262.40,252.83,256.25,39135
2023.06.26,00:00,250.04,258.30,240.74,240.83,41423
2023.06.27,00:00,243.17,250.34,240.89,250.29,40498
2023.06.28,00:00,249.72,259.83,248.91,256.23,40365
2023.06.29,00:00,258.10,260.69,253.61,257.47,39928
2023.06.30,00:00,260.62,264.41,260.19,261.79,29158
2023.07.03,00:00,276.45,284.21,275.09,279.81,22034
2023.07.05,00:00,278.73,283.82,277.59,282.48,33918
2023.07.06,00:00,278.23,279.92,272.93,276.40,33992
2023.07.07,00:00,278.42,280.70,273.79,274.30,33058
2023.07.10,00:00,276.43,277.45,265.08,269.49,37421
2023.07.11,00:00,268.60,270.86,266.35,269.81,34034
2023.07.12,00:00,276.15,276.15,271.45,271.91,31920
2023.07.13,00:00,274.79,279.42,270.60,277.92,31595
2023.07.14,00:00,277.01,285.26,276.32,281.11,36006
2023.07.17,00:00,286.64,292.19,283.56,290.32,33643
2023.07.18,00:00,290.07,295.23,285.99,293.35,31824
2023.07.19,00:00,296.09,299.26,289.51,291.20,35490
2023.07.20,00:00,279.24,280.85,261.18,263.21,37755
2023.07.21,00:00,267.89,267.93,255.79,259.99,34639
2023.07.24,00:00,255.74,269.79,254.14,269.08,37391
2023.07.25,00:00,272.49,272.70,265.00,265.29,34175
2023.07.26,00:00,263.22,267.96,261.80,264.31,30808
2023.07.27,00:00,268.27,269.03,255.31,255.72,33545
2023.07.28,00:00,259.84,267.21,258.25,266.56,29493
2023.07.31,00:00,267.41,269.01,263.77,267.37,32737
2023.08.01,00:00,266.31,266.39,260.23,261.18,29040
2023.08.02,00:00,255.44,259.46,250.50,254.35,36475
2023.08.03,00:00,251.99,260.45,251.99,259.30,34914
2023.08.04,00:00,260.89,264.67,253.10,253.61,34865
2023.08.07,00:00,251.41,253.56,242.74,251.45,36600
2023.08.08,00:00,247.41,250.89,245.00,249.68,35627
2023.08.09,00:00,250.81,250.95,241.93,242.06,34506
2023.08.10,00:00,245.35,251.76,242.99,245.30,37371
2023.08.11,00:00,242.24,243.75,238.19,242.45,35022
2023.08.14,00:00,235.65,240.61,233.79,239.79,37370
2023.08.15,00:00,238.84,240.45,232.59,232.78,33409
2023.08.16,00:00,227.84,233.83,225.41,225.48,36949
2023.08.17,00:00,226.15,226.66,218.81,219.32,37551
2023.08.18,00:00,214.01,217.51,212.38,215.46,38001
2023.08.21,00:00,221.59,232.10,220.58,231.23,36504
2023.08.22,00:00,240.38,240.38,229.54,233.20,38810
2023.08.23,00:00,229.76,238.94,229.60,236.70,32710
2023.08.24,00:00,238.62,238.77,228.18,230.05,36394
2023.08.25,00:00,231.25,238.86,230.32,238.52,39790
2023.08.28,00:00,242.71,244.32,235.34,238.88,36498
2023.08.29,00:00,238.52,257.27,237.80,257.27,34553
2023.08.30,00:00,254.25,260.48,250.58,256.91,37138
2023.08.31,00:00,255.90,261.13,255.04,258.16,35164
2023.09.01,00:00,257.18,259.01,242.50,244.91,37527
2023.09.05,00:00,244.95,257.96,244.90,256.56,33872
2023.09.06,00:00,255.09,255.28,245.05,251.87,34543
2023.09.07,00:00,244.99,252.77,243.30,251.53,36270
2023.09.08,00:00,251.16,256.45,246.65,248.60,36420
2023.09.11,00:00,264.14,274.81,260.60,273.58,34739
2023.09.12,00:00,270.68,278.35,266.58,267.40,37152
2023.09.13,00:00,270.20,274.93,268.13,271.09,32335
2023.09.14,00:00,271.19,276.67,270.49,276.11,32995
2023.09.15,00:00,277.61,278.88,271.06,274.35,36016
2023.09.18,00:00,271.22,271.26,263.81,265.26,32803
2023.09.19,00:00,264.27,267.80,261.18,266.43,32875
2023.09.20,00:00,267.14,273.89,262.55,262.60,36403
2023.09.21,00:00,257.74,260.77,254.20,255.59,36053
2023.09.22,00:00,257.39,257.70,244.47,244.90,36411
2023.09.25,00:00,243.36,247.05,238.32,247.00,36105
2023.09.26,00:00,242.73,249.53,241.67,244.29,34416
2023.09.27,00:00,244.34,245.25,234.58,240.40,39300
2023.09.28,00:00,240.10,247.50,238.69,246.70,37537
2023.09.29,00:00,250.01,254.73,246.34,250.07,36554
2023.10.02,00:00,244.86,254.21,242.62,251.54,37983
2023.10.03,00:00,248.61,249.98,244.44,246.56,36343
2023.10.04,00:00,248.15,261.80,247.61,261.21,36459
2023.10.05,00:00,259.93,263.54,256.24,260.01,36385
2023.10.06,00:00,253.61,261.62,250.66,260.57,35620
2023.10.09,00:00,255.28,261.32,252.04,259.55,33926
2023.10.10,00:00,257.77,268.90,257.67,263.66,35029
2023.10.11,00:00,266.23,268.54,260.88,262.96,33971
2023.10.12,00:00,262.89,265.35,256.64,258.97,36244
2023.10.13,00:00,258.92,259.52,250.20,251.07,36412
2023.10.16,00:00,250.07,255.37,248.57,253.83,33887
2023.10.17,00:00,250.03,257.15,247.10,254.91,35909
2023.10.18,00:00,252.73,254.57,242.06,242.46,38312
2023.10.19,00:00,225.10,230.54,216.76,220.09,40834
2023.10.20,00:00,217.03,218.80,210.42,211.90,35207
2023.10.23,00:00,209.97,216.86,202.51,212.07,38821
2023.10.24,00:00,216.62,221.97,214.09,216.52,36880
2023.10.25,00:00,215.85,220.04,212.18,212.33,38245
2023.10.26,00:00,211.36,214.73,204.87,205.52,39420
2023.10.27,00:00,210.91,212.33,205.76,207.42,36289
2023.10.30,00:00,209.22,210.82,194.66,197.28,38405
2023.10.31,00:00,196.07,202.76,194.07,200.79,35813
2023.11.01,00:00,204.49,205.94,197.83,205.69,37353
2023.11.02,00:00,212.98,219.14,211.46,218.56,30990
2023.11.03,00:00,221.55,226.32,218.39,219.98,33258
2023.11.06,00:00,224.01,226.26,214.99,218.79,30090
2023.11.07,00:00,219.93,222.90,215.72,222.38,31669
2023.11.08,00:00,223.12,224.09,217.62,222.48,31224
2023.11.09,00:00,219.74,220.73,206.67,209.16,38059
2023.11.10,00:00,209.99,215.33,205.72,214.26,33214
2023.11.13,00:00,215.56,225.36,211.60,223.62,33321
2023.11.14,00:00,235.05,237.97,230.71,237.50,30611
2023.11.15,00:00,239.20,246.63,236.46,243.98,36044
2023.11.16,00:00,239.36,240.84,230.95,233.81,35238
2023.11.17,00:00,231.99,237.36,226.58,234.56,35200
2023.11.20,00:00,234.07,237.07,231.02,236.71,31752
2023.11.21,00:00,235.02,243.58,233.32,241.33,30891
2023.11.22,00:00,242.03,243.94,231.48,233.66,32031
2023.11.24,00:00,233.77,238.71,232.35,235.48,17963
2023.11.27,00:00,236.81,238.30,232.11,236.95,29173
2023.11.28,00:00,236.71,246.47,233.99,246.33,32513
2023.11.29,00:00,249.16,252.72,242.74,243.88,31604
2023.11.30,00:00,245.11,245.16,238.22,240.09,31488
2023.12.01,00:00,233.14,240.16,231.94,238.25,32160
2023.12.04,00:00,235.68,239.33,233.28,236.39,30029
2023.12.05,00:00,233.75,246.62,233.74,238.33,33321
2023.12.06,00:00,243.16,246.53,239.75,240.40,30974
2023.12.07,00:00,241.59,244.04,237.01,241.88,27382
2023.12.08,00:00,240.24,245.21,239.29,243.39,29144
2023.12.11,00:00,242.68,243.17,237.45,239.41,27020
2023.12.12,00:00,238.37,238.54,233.85,236.76,25001
2023.12.13,00:00,234.06,240.25,228.18,238.07,30814
2023.12.14,00:00,241.10,253.84,240.82,250.27,29242
2023.12.15,00:00,251.03,253.64,248.33,252.63,29284
2023.12.18,00:00,253.78,258.70,251.37,252.10,26303
2023.12.19,00:00,253.40,258.29,253.12,256.51,25629
2023.12.20,00:00,256.44,259.80,247.29,249.03,26699
2023.12.21,00:00,251.92,254.76,248.54,254.13,28634
2023.12.22,00:00,256.63,258.16,251.37,252.72,26207
2023.12.26,00:00,254.43,257.94,252.90,257.08,21957
2023.12.27,00:00,258.22,263.16,258.21,260.62,15429
2023.12.28,00:00,263.48,265.06,252.71,254.03,26078
2023.12.29,00:00,255.06,255.13,247.43,249.14,26914
2024.01.02,00:00,250.09,251.19,244.43,246.51,28074
2024.01.03,00:00,244.82,245.62,236.31,238.69,30605
2024.01.04,00:00,238.99,242.65,237.75,239.30,28882
2024.01.05,00:00,236.87,240.07,235.00,237.08,28726
2024.01.08,00:00,236.18,241.12,235.31,240.64,26213
2024.01.09,00:00,237.99,238.88,232.02,234.47,27622
2024.01.10,00:00,235.07,235.42,231.37,232.88,26255
2024.01.11,00:00,230.34,230.89,225.35,227.03,30730
2024.01.12,00:00,219.99,225.30,217.13,219.15,30633
2024.01.16,00:00,215.08,223.45,212.22,219.46,31339
2024.01.17,00:00,214.73,215.50,212.01,215.00,26785
2024.01.18,00:00,216.80,217.39,208.72,211.13,27776
2024.01.19,00:00,209.96,213.13,207.55,211.04,26312
2024.01.22,00:00,212.27,217.75,206.28,209.04,27406
2024.01.23,00:00,211.83,215.59,207.75,208.69,25970
2024.01.24,00:00,211.92,212.67,206.76,208.07,26919
2024.01.25,00:00,189.56,192.44,180.04,182.79,29836
2024.01.26,00:00,185.55,186.44,182.08,182.84,23067
2024.01.29,00:00,185.58,191.41,183.69,190.31,35785
2024.01.30,00:00,195.23,196.31,190.59,191.85,36152
2024.01.31,00:00,186.95,193.87,185.99,187.74,42059
2024.02.01,00:00,188.32,189.80,184.28,188.72,39727
2024.02.02,00:00,185.01,188.65,182.19,188.10,40781
2024.02.05,00:00,184.27,184.61,174.99,180.29,42217
2024.02.06,00:00,177.15,186.45,177.15,184.08,40687
2024.02.07,00:00,188.20,189.76,182.67,188.60,38533
2024.02.08,00:00,188.84,191.57,185.56,189.14,33291
2024.02.09,00:00,190.18,194.09,189.50,192.55,31778
2024.02.12,00:00,192.04,194.68,187.27,188.34,36703
2024.02.13,00:00,183.92,187.22,182.08,183.09,39063
2024.02.14,00:00,185.15,188.79,183.37,188.72,36296
2024.02.15,00:00,189.11,199.86,188.85,199.84,37700
2024.02.16,00:00,202.31,203.13,197.40,199.35,43194
2024.02.20,00:00,196.12,198.50,189.12,193.08,43441
2024.02.21,00:00,193.25,199.40,191.95,194.44,40415
2024.02.22,00:00,194.01,198.28,191.35,197.99,38104
2024.02.23,00:00,194.71,197.53,191.72,191.96,38144
2024.02.26,00:00,192.18,201.75,192.05,199.42,39141
2024.02.27,00:00,203.98,205.57,198.24,199.06,37856
2024.02.28,00:00,200.49,205.26,198.43,202.10,35170
2024.02.29,00:00,204.20,205.22,198.43,200.97,34681
2024.03.01,00:00,200.49,204.45,198.49,202.91,35888
2024.03.04,00:00,198.69,199.68,186.70,189.08,33614
2024.03.05,00:00,183.00,184.56,177.55,180.30,43237
2024.03.06,00:00,179.95,181.51,173.69,176.50,46529
2024.03.07,00:00,174.23,179.97,173.71,179.43,35950
2024.03.08,00:00,181.46,182.67,174.70,175.20,48438
2024.03.11,00:00,175.42,182.83,174.83,176.92,40113
2024.03.12,00:00,177.72,179.39,172.40,178.16,38859
2024.03.13,00:00,173.07,176.01,169.28,169.73,39584
2024.03.14,00:00,167.60,171.12,160.49,162.58,39691
2024.03.15,00:00,163.31,165.14,160.75,163.52,38190
2024.03.18,00:00,170.08,174.67,165.89,173.81,36334
2024.03.19,00:00,172.33,172.77,167.44,171.31,37822
2024.03.20,00:00,172.92,176.22,170.81,175.56,39412
2024.03.21,00:00,176.37,178.12,171.79,172.76,37700
2024.03.22,00:00,166.76,171.17,166.31,170.79,32635
2024.03.25,00:00,168.74,175.20,168.74,172.65,29625
2024.03.26,00:00,178.60,184.22,177.37,177.55,31400
2024.03.27,00:00,181.45,181.86,176.00,179.79,35530
2024.03.28,00:00,177.49,179.51,175.30,175.80,29298
2024.04.01,00:00,176.16,176.70,170.20,175.21,31232
2024.04.02,00:00,164.72,167.66,163.44,166.62,31861
2024.04.03,00:00,164.05,168.78,163.28,168.38,31344
2024.04.04,00:00,170.12,177.14,168.01,171.09,37233
2024.04.05,00:00,168.99,170.82,160.51,164.94,40808
2024.04.08,00:00,169.30,174.46,167.78,172.95,32642
2024.04.09,00:00,172.93,179.18,171.92,176.86,37043
2024.04.10,00:00,172.99,174.89,169.99,171.71,40700
2024.04.11,00:00,172.55,175.86,168.51,174.60,39043
2024.04.12,00:00,172.34,173.76,170.35,171.02,31068
2024.04.15,00:00,170.20,170.63,161.36,161.39,37043
2024.04.16,00:00,156.68,158.14,153.74,157.06,37395
2024.04.17,00:00,157.60,158.29,153.76,155.37,36413
2024.04.18,00:00,151.25,152.17,148.69,149.90,36521
2024.04.19,00:00,148.93,150.87,146.21,147.02,36089
2024.04.22,00:00,140.57,144.40,138.80,142.00,34236
2024.04.23,00:00,143.29,147.21,141.09,144.72,31734
2024.04.24,00:00,162.83,167.92,157.54,162.15,42755
2024.04.25,00:00,158.88,170.76,158.36,170.19,46335
2024.04.26,00:00,168.88,172.09,166.36,168.36,39340
2024.04.29,00:00,188.41,198.82,184.54,194.09,50102
2024.04.30,00:00,186.94,190.90,182.83,183.53,40485
2024.05.01,00:00,182.06,185.81,179.00,180.09,48469
2024.05.02,00:00,182.94,184.55,176.01,180.09,41419
2024.05.03,00:00,182.09,184.71,178.42,181.10,39556
2024.05.06,00:00,183.87,187.50,182.20,184.76,34006
2024.05.07,00:00,182.56,183.15,177.39,177.87,33151
2024.05.08,00:00,171.52,176.02,170.14,174.64,30392
2024.05.09,00:00,175.02,175.52,171.36,171.96,27365
2024.05.10,00:00,173.02,173.03,167.73,168.56,30543
2024.05.13,00:00,169.96,175.37,169.03,171.91,30628
2024.05.14,00:00,174.52,179.45,174.08,177.55,34045
2024.05.15,00:00,179.75,179.79,173.10,173.92,27373
2024.05.16,00:00,174.02,175.75,171.42,174.83,26827
2024.05.17,00:00,173.72,179.60,172.75,177.46,29285
2024.05.20,00:00,177.56,177.71,173.52,174.96,24577
2024.05.21,00:00,175.50,186.85,174.83,186.59,30088
2024.05.22,00:00,182.78,183.75,178.10,180.10,30341
2024.05.23,00:00,181.75,181.77,173.24,173.82,35233
2024.05.24,00:00,174.81,180.04,173.73,179.27,28610
2024.05.28,00:00,176.35,178.21,173.16,176.71,28240
2024.05.29,00:00,174.18,178.07,173.98,176.05,27559
2024.05.30,00:00,178.57,182.62,175.39,178.79,32567
2024.05.31,00:00,178.53,180.29,173.80,178.18,32872
2024.06.03,00:00,178.13,182.57,174.47,176.30,37353
2024.06.04,00:00,174.73,177.73,174.01,174.70,33362
2024.06.05,00:00,175.30,176.12,172.12,174.98,28251
2024.06.06,00:00,174.56,179.69,172.72,177.90,31968
2024.06.07,00:00,176.14,179.31,175.55,177.44,33759
2024.06.10,00:00,176.07,178.54,173.14,173.78,28974
2024.06.11,00:00,173.86,174.70,167.41,170.70,27827
2024.06.12,00:00,171.16,180.51,169.86,177.27,38321
2024.06.13,00:00,188.27,190.96,181.29,182.32,39928
2024.06.14,00:00,185.78,185.88,176.92,177.94,30695
2024.06.17,00:00,177.93,188.77,177.21,187.37,32856
2024.06.18,00:00,186.54,187.07,182.35,184.82,26655
2024.06.20,00:00,184.71,185.18,179.64,181.57,31955
2024.06.21,00:00,182.21,183.91,180.69,182.98,27603
2024.06.24,00:00,184.90,188.33,182.54,182.54,30361
2024.06.25,00:00,184.03,187.93,182.08,187.28,27649
2024.06.26,00:00,186.50,197.71,186.40,196.37,33894
2024.06.27,00:00,195.22,198.65,194.11,197.39,33375
2024.06.28,00:00,199.49,203.16,195.24,197.83,37865
2024.07.01,00:00,201.06,213.19,200.95,209.99,45197
2024.07.02,00:00,218.80,231.17,218.08,231.14,47792
2024.07.03,00:00,234.57,248.29,234.23,246.57,34398
2024.07.05,00:00,249.95,252.26,242.51,251.59,47273
2024.07.08,00:00,247.72,259.35,244.57,252.86,53862
2024.07.09,00:00,250.96,265.54,250.33,262.15,50342
2024.07.10,00:00,262.74,267.56,257.89,263.43,44983
2024.07.11,00:00,263.22,270.76,239.66,240.82,61209
2024.07.12,00:00,235.70,251.79,233.09,247.86,48409
2024.07.15,00:00,255.97,265.53,251.77,253.28,55336
2024.07.16,00:00,255.29,258.57,245.84,256.45,49485
2024.07.17,00:00,253.68,258.39,246.17,248.60,53665
2024.07.18,00:00,251.11,257.10,247.18,249.06,60120
2024.07.19,00:00,247.78,248.94,236.82,239.30,55504
2024.07.22,00:00,244.22,253.17,243.79,251.52,51144
2024.07.23,00:00,253.42,255.68,245.63,246.54,44862
2024.07.24,00:00,225.32,225.88,214.69,215.82,41480
2024.07.25,00:00,216.79,225.94,216.21,220.77,49012
2024.07.26,00:00,221.20,222.19,215.33,219.79,49402
2024.07.29,00:00,224.88,234.22,224.76,232.02,51065
2024.07.30,00:00,232.10,232.38,219.99,222.39,49467
2024.07.31,00:00,227.85,234.62,226.84,232.06,43799
2024.08.01,00:00,227.63,231.80,214.34,216.77,55042
2024.08.02,00:00,214.81,216.07,205.78,207.70,56101
2024.08.05,00:00,185.09,203.82,182.01,198.65,61052
2024.08.06,00:00,200.82,202.87,192.69,200.46,54846
2024.08.07,00:00,200.79,203.42,191.48,191.63,62690
2024.08.08,00:00,196.04,200.65,192.04,198.86,52607
2024.08.09,00:00,197.04,200.84,195.10,199.92,49268
2024.08.12,00:00,199.17,199.20,194.69,197.36,47694
2024.08.13,00:00,198.41,208.43,197.08,207.88,39699
2024.08.14,00:00,207.44,208.37,198.74,201.40,45891
2024.08.15,00:00,205.22,215.84,205.04,214.00,43425
2024.08.16,00:00,210.95,219.75,210.95,216.22,45740
2024.08.19,00:00,217.02,222.95,214.08,222.74,41939
2024.08.20,00:00,224.81,228.16,219.54,220.99,45474
2024.08.21,00:00,222.65,224.62,218.87,223.29,50717
2024.08.22,00:00,223.88,224.75,210.31,210.68,54818
2024.08.23,00:00,214.52,221.44,214.23,220.30,55514
2024.08.26,00:00,218.73,219.03,211.00,213.23,45004
2024.08.27,00:00,213.02,215.62,206.95,209.18,35857
2024.08.28,00:00,209.88,211.78,202.57,205.63,41809
2024.08.29,00:00,209.82,214.85,205.96,206.20,51268
2024.08.30,00:00,208.63,214.55,207.03,214.22,43577
2024.09.03,00:00,215.16,219.86,209.63,210.54,44439
2024.09.04,00:00,210.63,222.18,210.61,219.35,50060
2024.09.05,00:00,223.53,234.95,222.26,230.02,53456
2024.09.06,00:00,232.45,233.49,210.80,210.83,51139
2024.09.09,00:00,216.01,219.82,213.67,216.35,41577
2024.09.10,00:00,220.20,226.35,218.63,226.29,42430
2024.09.11,00:00,224.42,228.36,216.81,228.28,56262
2024.09.12,00:00,224.82,231.40,223.88,229.65,44745
2024.09.13,00:00,227.87,232.64,226.32,230.31,41668
2024.09.16,00:00,229.24,229.91,223.52,226.66,40610
2024.09.17,00:00,229.44,234.50,226.54,227.64,39239
2024.09.18,00:00,230.03,235.63,226.86,226.98,48067
2024.09.19,00:00,233.94,244.20,232.21,243.95,50327
2024.09.20,00:00,241.52,243.90,235.90,238.23,45407
2024.09.23,00:00,242.51,249.97,241.95,249.95,36928
2024.09.24,00:00,254.09,257.15,249.26,254.19,47643
2024.09.25,00:00,252.53,256.97,252.35,256.97,39678
2024.09.26,00:00,260.78,261.61,251.53,254.19,46035
2024.09.27,00:00,257.34,260.65,254.12,260.44,43724
2024.09.30,00:00,258.99,264.81,255.78,261.37,43982
2024.10.01,00:00,262.56,263.90,248.56,257.95,57887
2024.10.02,00:00,247.45,251.11,241.46,248.99,48019
2024.10.03,00:00,244.67,249.72,237.83,240.74,47824
2024.10.04,00:00,246.60,250.92,244.60,249.99,48639
2024.10.07,00:00,248.95,249.75,240.71,240.75,44876
2024.10.08,00:00,243.61,246.14,240.62,244.41,41977
2024.10.09,00:00,243.75,247.39,239.51,241.08,46352
2024.10.10,00:00,241.90,242.74,232.36,238.67,47566
2024.10.11,00:00,220.01,223.30,214.41,217.72,35714
2024.10.14,00:00,220.11,221.88,213.73,219.06,34051
2024.10.15,00:00,220.07,224.21,217.11,219.55,43945
2024.10.16,00:00,221.42,222.76,218.96,221.33,33941
2024.10.17,00:00,221.46,222.05,217.89,220.99,38152
2024.10.18,00:00,220.80,222.24,219.24,220.69,29290
2024.10.21,00:00,218.84,220.44,215.74,218.88,31044
2024.10.22,00:00,217.21,218.17,215.24,217.91,26923
2024.10.23,00:00,217.02,218.67,212.09,213.68,33722
2024.10.24,00:00,244.82,262.05,242.70,260.27,45687
2024.10.25,00:00,255.55,269.46,255.33,269.10,52886
2024.10.28,00:00,269.88,273.50,262.33,262.35,44791
2024.10.29,00:00,264.48,264.85,255.50,259.46,40298
2024.10.30,00:00,259.21,263.31,255.83,257.53,42161
2024.10.31,00:00,258.06,259.68,249.26,250.02,45393
2024.11.01,00:00,251.91,253.96,246.64,248.92,42832
2024.11.04,00:00,244.51,248.85,238.92,242.93,33755
2024.11.05,00:00,247.12,255.24,246.24,251.41,36267
2024.11.06,00:00,284.53,289.51,275.66,288.76,40144
2024.11.07,00:00,288.82,299.70,285.58,297.02,41285
2024.11.08,00:00,299.14,328.63,297.66,321.15,59052
2024.11.11,00:00,346.33,358.57,336.02,350.66,56285
2024.11.12,00:00,342.47,345.64,323.36,328.58,52959
2024.11.13,00:00,336.16,344.52,322.51,330.32,50427
2024.11.14,00:00,327.50,329.93,310.36,311.03,52440
2024.11.15,00:00,310.77,324.61,309.25,320.76,59307
2024.11.18,00:00,340.70,348.50,330.00,338.75,50839
2024.11.19,00:00,336.06,347.13,332.76,345.91,37929
2024.11.20,00:00,345.12,346.53,334.31,342.04,51195
2024.11.21,00:00,343.80,347.88,335.30,339.64,56163
2024.11.22,00:00,340.98,356.53,337.71,352.50,47024
2024.11.25,00:00,360.47,361.79,338.45,338.73,41216
2024.11.26,00:00,340.97,346.89,335.69,338.23,38572
2024.11.27,00:00,342.05,342.44,326.63,332.73,38723
2024.11.29,00:00,336.20,345.20,334.73,345.20,17964
2024.12.02,00:00,352.47,359.96,351.20,356.67,35683
2024.12.03,00:00,351.42,355.63,348.21,351.36,32611
2024.12.04,00:00,353.05,358.06,348.60,357.90,28906
2024.12.05,00:00,359.93,375.36,359.52,369.31,40577
2024.12.06,00:00,377.08,389.42,370.86,388.90,37076
2024.12.09,00:00,397.76,404.66,378.01,389.58,42022
2024.12.10,00:00,392.68,409.69,390.89,400.91,45179
2024.12.11,00:00,409.63,424.63,402.42,424.60,39890
2024.12.12,00:00,424.78,429.20,414.99,418.47,41106
2024.12.13,00:00,419.98,436.10,415.74,435.77,45419
2024.12.16,00:00,441.03,462.28,436.32,462.12,40554
2024.12.17,00:00,475.43,483.91,457.62,480.05,46518
2024.12.18,00:00,466.06,488.45,427.10,441.40,48837
2024.12.19,00:00,451.87,456.27,420.00,435.75,50784
2024.12.20,00:00,424.90,447.01,417.71,422.10,54225
2024.12.23,00:00,430.84,434.41,415.45,430.54,42630
2024.12.24,00:00,435.82,466.36,435.20,464.90,29638
2024.12.26,00:00,465.06,465.18,451.03,454.26,36809
2024.12.27,00:00,448.43,449.77,426.53,431.31,49900
2024.12.30,00:00,419.27,426.90,415.78,416.99,39746
2024.12.31,00:00,423.74,427.84,402.63,404.76,51602
2025.01.02,00:00,389.46,392.55,373.10,379.42,55433
2025.01.03,00:00,381.28,411.81,379.45,410.49,48727
2025.01.06,00:00,423.27,426.31,401.72,411.02,45418
2025.01.07,00:00,405.47,414.25,390.01,393.88,44230
2025.01.08,00:00,393.04,402.45,387.40,395.03,43026
2025.01.10,00:00,391.42,399.14,384.38,394.54,43883
2025.01.13,00:00,383.30,402.50,380.09,402.28,47992
2025.01.14,00:00,414.65,421.41,394.57,396.42,50530
2025.01.15,00:00,410.06,429.71,405.69,428.23,44107
2025.01.16,00:00,422.84,423.07,409.18,413.56,44845
2025.01.17,00:00,421.24,439.69,419.83,426.48,48684
2025.01.21,00:00,432.56,432.87,406.38,424.01,44767
2025.01.22,00:00,416.56,427.92,414.59,415.06,37235
2025.01.23,00:00,416.08,420.60,408.95,411.94,33669
2025.01.24,00:00,414.48,417.95,405.82,406.51,37420
2025.01.27,00:00,394.69,406.57,389.11,397.21,52971
2025.01.28,00:00,396.84,400.52,386.55,398.04,42668
2025.01.29,00:00,395.20,398.51,384.48,388.49,49980
2025.01.30,00:00,410.46,412.36,384.43,400.20,52324
2025.01.31,00:00,401.50,419.95,401.40,404.66,50122
2025.02.03,00:00,386.65,389.05,374.43,383.82,50763
2025.02.04,00:00,382.62,393.91,381.40,392.16,36099
2025.02.05,00:00,387.29,388.31,375.52,378.13,39728
2025.02.06,00:00,372.55,375.28,363.21,374.29,44826
2025.02.07,00:00,370.07,380.43,360.36,361.52,48699
2025.02.10,00:00,356.27,362.63,350.56,350.62,47163
2025.02.11,00:00,345.57,349.31,325.11,328.54,56111
2025.02.12,00:00,329.93,346.34,329.18,336.47,50507
2025.02.13,00:00,345.50,358.62,342.85,355.93,49942
2025.02.14,00:00,360.54,361.91,347.59,355.85,40073
2025.02.18,00:00,355.12,359.02,350.02,354.05,42058
2025.02.19,00:00,353.93,367.28,353.66,360.58,43562
2025.02.20,00:00,361.50,362.09,348.01,354.40,41917
2025.02.21,00:00,353.54,354.89,334.42,337.78,51901
2025.02.24,00:00,337.80,342.29,324.72,330.38,56774
2025.02.25,00:00,327.02,327.38,297.27,302.72,62259
2025.02.26,00:00,303.77,308.94,288.03,290.71,59780
2025.02.27,00:00,290.97,297.16,280.93,282.00,49533
2025.02.28,00:00,279.43,293.56,273.65,293.04,50266
2025.03.03,00:00,300.27,303.86,277.29,284.76,53011
2025.03.04,00:00,270.77,284.29,261.87,271.92,60644
2025.03.05,00:00,272.93,279.49,267.78,279.07,52899
2025.03.06,00:00,271.65,272.57,260.01,263.41,53114
2025.03.07,00:00,259.22,266.19,250.70,262.58,63486
2025.03.10,00:00,252.48,253.32,220.20,222.05,61977
2025.03.11,00:00,225.17,237.01,218.13,230.53,68982
2025.03.12,00:00,246.98,251.78,241.10,248.12,59963
2025.03.13,00:00,248.10,248.29,233.53,240.72,57332
2025.03.14,00:00,247.25,251.54,240.75,249.92,52530
2025.03.17,00:00,245.03,245.08,232.82,237.97,54186
2025.03.18,00:00,228.00,229.89,222.30,225.33,50894
2025.03.19,00:00,231.48,241.35,229.20,235.87,51630
2025.03.20,00:00,232.82,237.94,230.14,235.90,50413
2025.03.21,00:00,235.10,249.44,234.57,249.32,51829
2025.03.24,00:00,267.23,278.58,266.42,278.05,42679
2025.03.25,00:00,283.38,288.16,271.29,287.86,43565
2025.03.26,00:00,282.28,284.84,266.61,272.03,49294
2025.03.27,00:00,272.34,291.81,271.86,272.69,48293
2025.03.28,00:00,275.29,276.03,260.59,263.51,41021
2025.03.31,00:00,249.23,260.54,243.41,258.83,55245
2025.04.01,00:00,263.69,277.40,259.28,268.54,52265
2025.04.02,00:00,254.59,284.90,251.33,283.13,58240
2025.04.03,00:00,265.14,276.23,261.50,267.25,46708
2025.04.04,00:00,255.45,260.84,235.98,238.92,54785
2025.04.07,00:00,223.63,251.89,214.31,233.84,61390
2025.04.08,00:00,245.09,250.37,217.99,221.73,54603
2025.04.09,00:00,224.54,274.63,223.91,272.35,64026
2025.04.10,00:00,259.60,262.37,239.36,252.43,56377
2025.04.11,00:00,251.90,257.64,241.38,252.05,48087
2025.04.14,00:00,258.27,261.68,245.95,252.18,45958
2025.04.15,00:00,249.88,258.69,247.58,253.92,37432
2025.04.16,00:00,247.69,251.92,233.88,241.43,42535
2025.04.17,00:00,243.36,244.25,237.68,241.35,43995
2025.04.21,00:00,230.20,231.91,222.80,226.99,34062
2025.04.22,00:00,231.06,242.74,229.89,238.03,38685
2025.04.23,00:00,255.03,259.38,244.47,251.05,47658
2025.04.24,00:00,250.67,259.34,249.22,259.23,44728
2025.04.25,00:00,261.63,286.81,259.65,284.94,53341
2025.04.28,00:00,288.92,294.81,272.42,285.94,50077
2025.04.29,00:00,285.49,293.24,279.47,291.97,43395
2025.04.30,00:00,279.67,284.40,270.78,282.09,53470
2025.05.01,00:00,280.04,290.79,279.82,280.50,46064
2025.05.02,00:00,285.14,294.72,279.81,287.08,44710
2025.05.05,00:00,284.54,284.76,274.38,280.50,43470
2025.05.06,00:00,272.95,277.67,271.59,275.30,42060
2025.05.07,00:00,276.78,277.82,271.01,276.17,44206
2025.05.08,00:00,279.47,289.77,279.47,284.85,43987
2025.05.09,00:00,290.07,306.97,290.02,298.07,46033
2025.05.12,00:00,321.91,322.11,311.52,318.39,43284
2025.05.13,00:00,319.96,337.53,317.02,333.92,52088
2025.05.14,00:00,342.39,349.94,337.05,347.65,49275
2025.05.15,00:00,340.10,346.08,334.73,342.39,42263
2025.05.16,00:00,345.87,351.58,342.34,349.87,38648
2025.05.19,00:00,336.34,342.96,333.50,341.92,48557
2025.05.20,00:00,348.26,354.93,341.68,343.81,51943
2025.05.21,00:00,344.45,347.28,332.21,334.58,59297
2025.05.22,00:00,331.90,347.22,331.40,342.03,50891
2025.05.23,00:00,337.29,343.14,333.23,339.09,54159
2025.05.27,00:00,347.27,363.72,347.21,362.90,45356
2025.05.28,00:00,364.85,364.85,355.90,356.76,45634
2025.05.29,00:00,364.97,367.61,356.00,358.31,50692
2025.05.30,00:00,355.53,363.62,345.30,345.74,61546
2025.06.02,00:00,343.54,347.93,333.34,342.67,48185
2025.06.03,00:00,346.26,355.36,343.04,344.35,46012
2025.06.04,00:00,345.02,345.49,327.33,332.11,45086
2025.06.05,00:00,322.44,324.43,273.26,284.91,65802
2025.06.06,00:00,298.63,305.40,291.18,295.25,49969
2025.06.09,00:00,285.86,309.76,281.92,308.64,49886
2025.06.10,00:00,314.76,327.74,310.70,326.08,51393
2025.06.11,00:00,334.00,335.39,322.78,326.43,55116
2025.06.12,00:00,323.12,332.46,316.86,319.14,46109
2025.06.13,00:00,313.75,332.92,313.29,325.20,52302
2025.06.16,00:00,331.28,331.95,326.46,329.04,39912
2025.06.17,00:00,326.06,327.13,314.79,316.26,44556
2025.06.18,00:00,317.32,329.26,315.51,321.89,47639
2025.06.20,00:00,327.50,332.15,317.80,322.04,51308
2025.06.23,00:00,327.64,357.49,327.50,348.61,64469
2025.06.24,00:00,356.03,356.03,340.44,340.75,48051
2025.06.25,00:00,342.68,342.83,320.38,327.48,48187
2025.06.26,00:00,324.60,331.02,323.68,325.72,40856
2025.06.27,00:00,324.55,329.29,317.49,323.69,47739
2025.06.30,00:00,319.86,325.48,316.63,317.66,38899
2025.07.01,00:00,298.22,305.78,293.29,300.58,53642
2025.07.02,00:00,312.02,316.77,303.81,315.39,43395
2025.07.03,00:00,317.99,318.40,312.77,315.22,25400
2025.07.07,00:00,291.34,296.13,288.77,294.05,50639
2025.07.08,00:00,296.84,303.94,294.39,297.76,47233
2025.07.09,00:00,297.61,299.98,293.54,295.92,41803
2025.07.10,00:00,300.28,310.45,299.99,309.88,52472
2025.07.11,00:00,307.66,314.04,305.65,313.37,43615
2025.07.14,00:00,317.64,322.53,312.66,316.93,42464
2025.07.15,00:00,319.67,321.08,310.55,310.96,46000
2025.07.16,00:00,312.72,323.42,312.66,321.63,47130
2025.07.17,00:00,323.15,324.26,317.04,319.33,45133
2025.07.18,00:00,321.82,330.82,321.50,329.61,42819
2025.07.21,00:00,334.38,337.91,326.89,328.51,39722
2025.07.22,00:00,329.79,335.38,321.58,332.31,39981
2025.07.23,00:00,330.87,336.04,328.66,332.62,41008
2025.07.24,00:00,310.05,310.11,300.41,305.26,48061
2025.07.25,00:00,308.56,323.58,308.04,316.00,46893
2025.07.28,00:00,317.96,330.42,315.72,325.81,22447
2025.07.29,00:00,325.54,325.54,318.25,321.31,21454
2025.07.30,00:00,322.13,323.98,311.95,318.87,20666
2025.07.31,00:00,319.57,321.30,306.09,308.82,45760
2025.08.01,00:00,306.15,309.27,297.86,302.73,40365
2025.08.04,00:00,309.05,312.10,303.18,309.06,40389
2025.08.05,00:00,308.91,312.39,305.56,308.63,40597
2025.08.06,00:00,307.86,320.42,306.99,319.87,42452
2025.08.07,00:00,319.59,322.36,316.15,322.23,47173
2025.08.08,00:00,321.37,334.93,321.00,329.60,43018
2025.08.11,00:00,334.96,346.59,334.21,339.13,49375
2025.08.12,00:00,345.00,345.11,332.97,340.73,43799
2025.08.13,00:00,341.57,348.93,338.19,339.34,45258
2025.08.14,00:00,335.50,340.43,330.38,335.56,48054
2025.08.15,00:00,337.60,339.27,327.02,330.56,40732
2025.08.18,00:00,329.58,336.23,329.58,335.06,37684
2025.08.19,00:00,335.76,340.48,327.87,329.31,48987
2025.08.20,00:00,329.15,331.32,314.60,323.84,52967
2025.08.21,00:00,322.07,324.86,318.67,320.15,45034
2025.08.22,00:00,321.61,339.97,319.71,339.96,50672
2025.08.25,00:00,338.92,349.49,335.05,346.58,51478
2025.08.26,00:00,344.92,351.84,343.71,351.72,46105
2025.08.27,00:00,351.85,355.28,349.19,349.59,47444
2025.08.28,00:00,350.96,353.43,340.26,346.00,44671
2025.08.29,00:00,347.23,348.63,331.69,333.72,49915
